period,value
2025-12-01 00:00:00+00:00,54243
2025-12-01 01:00:00+00:00,55294
2025-12-01 02:00:00+00:00,55236
2025-12-01 03:00:00+00:00,54393
2025-12-01 04:00:00+00:00,53111
2025-12-01 05:00:00+00:00,51240
2025-12-01 06:00:00+00:00,49229
2025-12-01 07:00:00+00:00,47543
2025-12-01 08:00:00+00:00,46566
2025-12-01 09:00:00+00:00,46413
2025-12-01 10:00:00+00:00,46548
2025-12-01 11:00:00+00:00,47462
2025-12-01 12:00:00+00:00,49315
2025-12-01 13:00:00+00:00,52332
2025-12-01 14:00:00+00:00,53520
2025-12-01 15:00:00+00:00,54104
2025-12-01 16:00:00+00:00,55590
2025-12-01 17:00:00+00:00,56085
2025-12-01 18:00:00+00:00,56347
2025-12-01 19:00:00+00:00,56341
2025-12-01 20:00:00+00:00,56196
2025-12-01 21:00:00+00:00,56240
2025-12-01 22:00:00+00:00,56908
2025-12-01 23:00:00+00:00,57805
2025-12-02 00:00:00+00:00,58935
2025-12-02 01:00:00+00:00,58992
2025-12-02 02:00:00+00:00,58128
2025-12-02 03:00:00+00:00,56906
2025-12-02 04:00:00+00:00,55538
2025-12-02 05:00:00+00:00,53556
2025-12-02 06:00:00+00:00,51807
2025-12-02 07:00:00+00:00,50869
2025-12-02 08:00:00+00:00,50988
2025-12-02 09:00:00+00:00,51237
2025-12-02 10:00:00+00:00,51768
2025-12-02 11:00:00+00:00,52589
2025-12-02 12:00:00+00:00,55205
2025-12-02 13:00:00+00:00,59077
2025-12-02 14:00:00+00:00,60392
2025-12-02 15:00:00+00:00,60649
2025-12-02 16:00:00+00:00,58958
2025-12-02 17:00:00+00:00,56596
2025-12-02 18:00:00+00:00,54416
2025-12-02 19:00:00+00:00,52664
2025-12-02 20:00:00+00:00,51541
2025-12-02 21:00:00+00:00,50796
2025-12-02 22:00:00+00:00,50558
2025-12-02 23:00:00+00:00,51818
2025-12-03 00:00:00+00:00,54479
2025-12-03 01:00:00+00:00,56547
2025-12-03 02:00:00+00:00,57367
2025-12-03 03:00:00+00:00,57292
2025-12-03 04:00:00+00:00,56226
2025-12-03 05:00:00+00:00,54366
2025-12-03 06:00:00+00:00,52562
2025-12-03 07:00:00+00:00,51214
2025-12-03 08:00:00+00:00,50575
2025-12-03 09:00:00+00:00,50325
2025-12-03 10:00:00+00:00,50634
2025-12-03 11:00:00+00:00,51540
2025-12-03 12:00:00+00:00,53726
2025-12-03 13:00:00+00:00,56988
2025-12-03 14:00:00+00:00,57989
2025-12-03 15:00:00+00:00,56909
2025-12-03 16:00:00+00:00,55590
2025-12-03 17:00:00+00:00,54394
2025-12-03 18:00:00+00:00,52898
2025-12-03 19:00:00+00:00,51505
2025-12-03 20:00:00+00:00,50870
2025-12-03 21:00:00+00:00,50675
2025-12-03 22:00:00+00:00,50597
2025-12-03 23:00:00+00:00,51071
2025-12-04 00:00:00+00:00,52848
2025-12-04 01:00:00+00:00,54033
2025-12-04 02:00:00+00:00,53932
2025-12-04 03:00:00+00:00,53375
2025-12-04 04:00:00+00:00,52111
2025-12-04 05:00:00+00:00,49972
2025-12-04 06:00:00+00:00,47993
2025-12-04 07:00:00+00:00,47848
2025-12-04 08:00:00+00:00,47558
2025-12-04 09:00:00+00:00,48356
2025-12-04 10:00:00+00:00,47315
2025-12-04 11:00:00+00:00,47336
2025-12-04 12:00:00+00:00,49051
2025-12-04 13:00:00+00:00,52327
2025-12-04 14:00:00+00:00,53725
2025-12-04 15:00:00+00:00,54122
2025-12-04 16:00:00+00:00,55464
2025-12-04 17:00:00+00:00,56517
2025-12-04 18:00:00+00:00,57885
2025-12-04 19:00:00+00:00,57602
2025-12-04 20:00:00+00:00,57040
2025-12-04 21:00:00+00:00,56417
2025-12-04 22:00:00+00:00,56094
2025-12-04 23:00:00+00:00,56935
2025-12-05 00:00:00+00:00,58347
2025-12-05 01:00:00+00:00,58221
2025-12-05 02:00:00+00:00,58181
2025-12-05 03:00:00+00:00,57709
2025-12-05 04:00:00+00:00,56971
2025-12-05 05:00:00+00:00,55608
2025-12-05 06:00:00+00:00,52418
2025-12-05 07:00:00+00:00,50597
2025-12-05 08:00:00+00:00,49776
2025-12-05 09:00:00+00:00,49451
2025-12-05 10:00:00+00:00,49503
2025-12-05 11:00:00+00:00,50762
2025-12-05 12:00:00+00:00,53139
2025-12-05 13:00:00+00:00,56705
2025-12-05 14:00:00+00:00,58433
2025-12-05 15:00:00+00:00,58096
2025-12-05 16:00:00+00:00,57310
2025-12-05 17:00:00+00:00,56144
2025-12-05 18:00:00+00:00,54710
2025-12-05 19:00:00+00:00,53583
2025-12-05 20:00:00+00:00,52598
2025-12-05 21:00:00+00:00,51936
2025-12-05 22:00:00+00:00,51832
2025-12-05 23:00:00+00:00,52504
2025-12-06 00:00:00+00:00,54365
2025-12-06 01:00:00+00:00,55103
2025-12-06 02:00:00+00:00,54709
2025-12-06 03:00:00+00:00,54419
2025-12-06 04:00:00+00:00,53647
2025-12-06 05:00:00+00:00,52173
2025-12-06 06:00:00+00:00,50447
2025-12-06 07:00:00+00:00,48560
2025-12-06 08:00:00+00:00,47908
2025-12-06 09:00:00+00:00,47536
2025-12-06 10:00:00+00:00,47414
2025-12-06 11:00:00+00:00,47674
2025-12-06 12:00:00+00:00,48212
2025-12-06 13:00:00+00:00,50208
2025-12-06 14:00:00+00:00,50936
2025-12-06 15:00:00+00:00,51125
2025-12-06 16:00:00+00:00,51172
2025-12-06 17:00:00+00:00,50559
2025-12-06 18:00:00+00:00,48926
2025-12-06 19:00:00+00:00,47572
2025-12-06 20:00:00+00:00,46508
2025-12-06 21:00:00+00:00,45498
2025-12-06 22:00:00+00:00,45747
2025-12-06 23:00:00+00:00,48112
2025-12-07 00:00:00+00:00,49591
2025-12-07 01:00:00+00:00,50140
2025-12-07 02:00:00+00:00,49626
2025-12-07 03:00:00+00:00,49320
2025-12-07 04:00:00+00:00,48727
2025-12-07 05:00:00+00:00,47737
2025-12-07 06:00:00+00:00,45676
2025-12-07 07:00:00+00:00,44579
2025-12-07 08:00:00+00:00,43251
2025-12-07 09:00:00+00:00,42459
2025-12-07 10:00:00+00:00,42399
2025-12-07 11:00:00+00:00,43110
2025-12-07 12:00:00+00:00,43590
2025-12-07 13:00:00+00:00,44581
2025-12-07 14:00:00+00:00,45624
2025-12-07 15:00:00+00:00,46576
2025-12-07 16:00:00+00:00,47332
2025-12-07 17:00:00+00:00,46931
2025-12-07 18:00:00+00:00,46772
2025-12-07 19:00:00+00:00,48514
2025-12-07 20:00:00+00:00,48727
2025-12-07 21:00:00+00:00,48623
2025-12-07 22:00:00+00:00,48704
2025-12-07 23:00:00+00:00,50104
2025-12-08 00:00:00+00:00,51801
2025-12-08 01:00:00+00:00,52950
2025-12-08 02:00:00+00:00,52970
2025-12-08 03:00:00+00:00,52757
2025-12-08 04:00:00+00:00,51733
2025-12-08 05:00:00+00:00,50085
2025-12-08 06:00:00+00:00,47428
2025-12-08 07:00:00+00:00,46449
2025-12-08 08:00:00+00:00,45759
2025-12-08 09:00:00+00:00,46206
2025-12-08 10:00:00+00:00,47198
2025-12-08 11:00:00+00:00,49230
2025-12-08 12:00:00+00:00,52549
2025-12-08 13:00:00+00:00,57134
2025-12-08 14:00:00+00:00,58317
2025-12-08 15:00:00+00:00,56086
2025-12-08 16:00:00+00:00,54827
2025-12-08 17:00:00+00:00,53456
2025-12-08 18:00:00+00:00,50870
2025-12-08 19:00:00+00:00,49434
2025-12-08 20:00:00+00:00,47211
2025-12-08 21:00:00+00:00,46230
2025-12-08 22:00:00+00:00,47919
2025-12-08 23:00:00+00:00,49816
2025-12-09 00:00:00+00:00,52168
2025-12-09 01:00:00+00:00,54040
2025-12-09 02:00:00+00:00,54860
2025-12-09 03:00:00+00:00,54754
2025-12-09 04:00:00+00:00,54102
2025-12-09 05:00:00+00:00,52296
2025-12-09 06:00:00+00:00,51139
2025-12-09 07:00:00+00:00,49580
2025-12-09 08:00:00+00:00,49082
2025-12-09 09:00:00+00:00,48977
2025-12-09 10:00:00+00:00,50057
2025-12-09 11:00:00+00:00,51843
2025-12-09 12:00:00+00:00,54970
2025-12-09 13:00:00+00:00,59139
2025-12-09 14:00:00+00:00,60236
2025-12-09 15:00:00+00:00,57652
2025-12-09 16:00:00+00:00,54502
2025-12-09 17:00:00+00:00,52500
2025-12-09 18:00:00+00:00,50581
2025-12-09 19:00:00+00:00,48818
2025-12-09 20:00:00+00:00,47338
2025-12-09 21:00:00+00:00,45871
2025-12-09 22:00:00+00:00,46342
2025-12-09 23:00:00+00:00,49327
2025-12-10 00:00:00+00:00,51428
2025-12-10 01:00:00+00:00,52667
2025-12-10 02:00:00+00:00,52663
2025-12-10 03:00:00+00:00,52508
2025-12-10 04:00:00+00:00,51769
2025-12-10 05:00:00+00:00,49622
2025-12-10 06:00:00+00:00,46992
2025-12-10 07:00:00+00:00,46096
2025-12-10 08:00:00+00:00,45072
2025-12-10 09:00:00+00:00,44731
2025-12-10 10:00:00+00:00,45504
2025-12-10 11:00:00+00:00,46744
2025-12-10 12:00:00+00:00,49436
2025-12-10 13:00:00+00:00,53349
2025-12-10 14:00:00+00:00,54387
2025-12-10 15:00:00+00:00,51817
2025-12-10 16:00:00+00:00,48765
2025-12-10 17:00:00+00:00,47721
2025-12-10 18:00:00+00:00,47779
2025-12-10 19:00:00+00:00,47629
2025-12-10 20:00:00+00:00,47978
2025-12-10 21:00:00+00:00,48214
2025-12-10 22:00:00+00:00,48791
2025-12-10 23:00:00+00:00,49640
2025-12-11 00:00:00+00:00,51087
2025-12-11 01:00:00+00:00,52161
2025-12-11 02:00:00+00:00,52133
2025-12-11 03:00:00+00:00,51804
2025-12-11 04:00:00+00:00,50905
2025-12-11 05:00:00+00:00,49174
2025-12-11 06:00:00+00:00,47044
2025-12-11 07:00:00+00:00,45917
2025-12-11 08:00:00+00:00,45346
2025-12-11 09:00:00+00:00,45048
2025-12-11 10:00:00+00:00,45204
2025-12-11 11:00:00+00:00,46725
2025-12-11 12:00:00+00:00,50789
2025-12-11 13:00:00+00:00,55207
2025-12-11 14:00:00+00:00,57001
2025-12-11 15:00:00+00:00,54823
2025-12-11 16:00:00+00:00,52316
2025-12-11 17:00:00+00:00,50518
2025-12-11 18:00:00+00:00,48759
2025-12-11 19:00:00+00:00,48276
2025-12-11 20:00:00+00:00,47008
2025-12-11 21:00:00+00:00,45616
2025-12-11 22:00:00+00:00,46197
2025-12-11 23:00:00+00:00,49101
2025-12-12 00:00:00+00:00,50373
2025-12-12 01:00:00+00:00,51976
2025-12-12 02:00:00+00:00,52005
2025-12-12 03:00:00+00:00,51735
2025-12-12 04:00:00+00:00,50676
2025-12-12 05:00:00+00:00,47592
2025-12-12 06:00:00+00:00,44510
2025-12-12 07:00:00+00:00,43940
2025-12-12 08:00:00+00:00,43728
2025-12-12 09:00:00+00:00,43529
2025-12-12 10:00:00+00:00,43889
2025-12-12 11:00:00+00:00,45123
2025-12-12 12:00:00+00:00,47472
2025-12-12 13:00:00+00:00,50843
2025-12-12 14:00:00+00:00,52026
2025-12-12 15:00:00+00:00,50678
2025-12-12 16:00:00+00:00,50236
2025-12-12 17:00:00+00:00,48416
2025-12-12 18:00:00+00:00,47518
2025-12-12 19:00:00+00:00,46959
2025-12-12 20:00:00+00:00,47262
2025-12-12 21:00:00+00:00,46873
2025-12-12 22:00:00+00:00,47920
2025-12-12 23:00:00+00:00,50407
2025-12-13 00:00:00+00:00,51430
2025-12-13 01:00:00+00:00,51139
2025-12-13 02:00:00+00:00,49943
2025-12-13 03:00:00+00:00,49278
2025-12-13 04:00:00+00:00,49037
2025-12-13 05:00:00+00:00,47794
2025-12-13 06:00:00+00:00,46361
2025-12-13 07:00:00+00:00,44884
2025-12-13 08:00:00+00:00,43420
2025-12-13 09:00:00+00:00,42877
2025-12-13 10:00:00+00:00,42835
2025-12-13 11:00:00+00:00,43162
2025-12-13 12:00:00+00:00,44088
2025-12-13 13:00:00+00:00,45490
2025-12-13 14:00:00+00:00,46901
2025-12-13 15:00:00+00:00,47457
2025-12-13 16:00:00+00:00,48312
2025-12-13 17:00:00+00:00,48279
2025-12-13 18:00:00+00:00,48218
2025-12-13 19:00:00+00:00,48379
2025-12-13 20:00:00+00:00,49052
2025-12-13 21:00:00+00:00,49003
2025-12-13 22:00:00+00:00,50296
2025-12-13 23:00:00+00:00,51094
2025-12-14 00:00:00+00:00,51508
2025-12-14 01:00:00+00:00,51295
2025-12-14 02:00:00+00:00,49883
2025-12-14 03:00:00+00:00,49286
2025-12-14 04:00:00+00:00,49205
2025-12-14 05:00:00+00:00,48346
2025-12-14 06:00:00+00:00,46392
2025-12-14 07:00:00+00:00,45121
2025-12-14 08:00:00+00:00,44472
2025-12-14 09:00:00+00:00,43875
2025-12-14 10:00:00+00:00,44205
2025-12-14 11:00:00+00:00,45559
2025-12-14 12:00:00+00:00,46506
2025-12-14 13:00:00+00:00,48193
2025-12-14 14:00:00+00:00,50405
2025-12-14 15:00:00+00:00,52297
2025-12-14 16:00:00+00:00,53560
2025-12-14 17:00:00+00:00,53797
2025-12-14 18:00:00+00:00,53775
2025-12-14 19:00:00+00:00,53024
2025-12-14 20:00:00+00:00,52050
2025-12-14 21:00:00+00:00,51168
2025-12-14 22:00:00+00:00,51594
2025-12-14 23:00:00+00:00,52860
2025-12-15 00:00:00+00:00,55512
2025-12-15 01:00:00+00:00,57131
2025-12-15 02:00:00+00:00,57137
2025-12-15 03:00:00+00:00,56545
2025-12-15 04:00:00+00:00,56158
2025-12-15 05:00:00+00:00,54735
2025-12-15 06:00:00+00:00,53124
2025-12-15 07:00:00+00:00,53176
2025-12-15 08:00:00+00:00,52758
2025-12-15 09:00:00+00:00,52754
2025-12-15 10:00:00+00:00,53081
2025-12-15 11:00:00+00:00,54564
2025-12-15 12:00:00+00:00,57607
2025-12-15 13:00:00+00:00,61482
2025-12-15 14:00:00+00:00,63114
2025-12-15 15:00:00+00:00,62924
2025-12-15 16:00:00+00:00,61492
2025-12-15 17:00:00+00:00,59357
2025-12-15 18:00:00+00:00,56851
2025-12-15 19:00:00+00:00,54893
2025-12-15 20:00:00+00:00,53366
2025-12-15 21:00:00+00:00,52195
2025-12-15 22:00:00+00:00,51786
2025-12-15 23:00:00+00:00,52566
2025-12-16 00:00:00+00:00,55414
2025-12-16 01:00:00+00:00,57520
2025-12-16 02:00:00+00:00,57965
2025-12-16 03:00:00+00:00,57926
2025-12-16 04:00:00+00:00,57000
2025-12-16 05:00:00+00:00,54775
2025-12-16 06:00:00+00:00,52521
2025-12-16 07:00:00+00:00,50766
2025-12-16 08:00:00+00:00,49943
2025-12-16 09:00:00+00:00,49645
2025-12-16 10:00:00+00:00,49685
2025-12-16 11:00:00+00:00,50757
2025-12-16 12:00:00+00:00,53279
2025-12-16 13:00:00+00:00,56642
2025-12-16 14:00:00+00:00,57713
2025-12-16 15:00:00+00:00,57236
2025-12-16 16:00:00+00:00,56410
2025-12-16 17:00:00+00:00,55331
2025-12-16 18:00:00+00:00,54057
2025-12-16 19:00:00+00:00,52899
2025-12-16 20:00:00+00:00,52128
2025-12-16 21:00:00+00:00,51618
2025-12-16 22:00:00+00:00,51480
2025-12-16 23:00:00+00:00,51759
2025-12-17 00:00:00+00:00,53120
2025-12-17 01:00:00+00:00,53569
2025-12-17 02:00:00+00:00,53239
2025-12-17 03:00:00+00:00,52627
2025-12-17 04:00:00+00:00,51297
2025-12-17 05:00:00+00:00,48780
2025-12-17 06:00:00+00:00,46343
2025-12-17 07:00:00+00:00,44549
2025-12-17 08:00:00+00:00,43234
2025-12-17 09:00:00+00:00,42291
2025-12-17 10:00:00+00:00,42296
2025-12-17 11:00:00+00:00,42721
2025-12-17 12:00:00+00:00,43979
2025-12-17 13:00:00+00:00,47063
2025-12-17 14:00:00+00:00,48980
2025-12-17 15:00:00+00:00,49704
2025-12-17 16:00:00+00:00,50634
2025-12-17 17:00:00+00:00,50894
2025-12-17 18:00:00+00:00,50783
2025-12-17 19:00:00+00:00,50373
2025-12-17 20:00:00+00:00,49898
2025-12-17 21:00:00+00:00,49594
2025-12-17 22:00:00+00:00,49448
2025-12-17 23:00:00+00:00,49708
2025-12-18 00:00:00+00:00,50330
2025-12-18 01:00:00+00:00,50796
2025-12-18 02:00:00+00:00,50878
2025-12-18 03:00:00+00:00,50598
2025-12-18 04:00:00+00:00,49922
2025-12-18 05:00:00+00:00,48132
2025-12-18 06:00:00+00:00,46104
2025-12-18 07:00:00+00:00,44375
2025-12-18 08:00:00+00:00,43285
2025-12-18 09:00:00+00:00,42679
2025-12-18 10:00:00+00:00,42653
2025-12-18 11:00:00+00:00,43168
2025-12-18 12:00:00+00:00,45062
2025-12-18 13:00:00+00:00,48033
2025-12-18 14:00:00+00:00,49366
2025-12-18 15:00:00+00:00,49575
2025-12-18 16:00:00+00:00,49777
2025-12-18 17:00:00+00:00,49688
2025-12-18 18:00:00+00:00,49848
2025-12-18 19:00:00+00:00,50081
2025-12-18 20:00:00+00:00,50588
2025-12-18 21:00:00+00:00,51000
2025-12-18 22:00:00+00:00,51357
2025-12-18 23:00:00+00:00,51572
2025-12-19 00:00:00+00:00,52140
2025-12-19 01:00:00+00:00,52889
2025-12-19 02:00:00+00:00,52435
2025-12-19 03:00:00+00:00,51947
2025-12-19 04:00:00+00:00,50905
2025-12-19 05:00:00+00:00,48987
2025-12-19 06:00:00+00:00,47178
2025-12-19 07:00:00+00:00,45725
2025-12-19 08:00:00+00:00,45160
2025-12-19 09:00:00+00:00,44965
2025-12-19 10:00:00+00:00,45413
2025-12-19 11:00:00+00:00,46710
2025-12-19 12:00:00+00:00,49408
2025-12-19 13:00:00+00:00,53303
2025-12-19 14:00:00+00:00,55591
2025-12-19 15:00:00+00:00,55288
2025-12-19 16:00:00+00:00,53984
2025-12-19 17:00:00+00:00,52636
2025-12-19 18:00:00+00:00,51376
2025-12-19 19:00:00+00:00,50392
2025-12-19 20:00:00+00:00,49995
2025-12-19 21:00:00+00:00,49768
2025-12-19 22:00:00+00:00,49681
2025-12-19 23:00:00+00:00,49844
2025-12-20 00:00:00+00:00,51289
2025-12-20 01:00:00+00:00,52172
2025-12-20 02:00:00+00:00,51807
2025-12-20 03:00:00+00:00,51521
2025-12-20 04:00:00+00:00,51060
2025-12-20 05:00:00+00:00,49739
2025-12-20 06:00:00+00:00,48356
2025-12-20 07:00:00+00:00,47063
2025-12-20 08:00:00+00:00,46028
2025-12-20 09:00:00+00:00,45349
2025-12-20 10:00:00+00:00,44929
2025-12-20 11:00:00+00:00,45077
2025-12-20 12:00:00+00:00,45747
2025-12-20 13:00:00+00:00,47086
2025-12-20 14:00:00+00:00,48178
2025-12-20 15:00:00+00:00,49135
2025-12-20 16:00:00+00:00,49522
2025-12-20 17:00:00+00:00,49115
2025-12-20 18:00:00+00:00,48913
2025-12-20 19:00:00+00:00,48868
2025-12-20 20:00:00+00:00,48890
2025-12-20 21:00:00+00:00,49440
2025-12-20 22:00:00+00:00,50191
2025-12-20 23:00:00+00:00,50758
2025-12-21 00:00:00+00:00,50848
2025-12-21 01:00:00+00:00,50775
2025-12-21 02:00:00+00:00,49731
2025-12-21 03:00:00+00:00,49778
2025-12-21 04:00:00+00:00,49136
2025-12-21 05:00:00+00:00,48103
2025-12-21 06:00:00+00:00,46518
2025-12-21 07:00:00+00:00,44858
2025-12-21 08:00:00+00:00,43523
2025-12-21 09:00:00+00:00,42739
2025-12-21 10:00:00+00:00,42532
2025-12-21 11:00:00+00:00,42422
2025-12-21 12:00:00+00:00,42708
2025-12-21 13:00:00+00:00,43482
2025-12-21 14:00:00+00:00,44781
2025-12-21 15:00:00+00:00,46298
2025-12-21 16:00:00+00:00,47779
2025-12-21 17:00:00+00:00,48478
2025-12-21 18:00:00+00:00,49133
2025-12-21 19:00:00+00:00,49612
2025-12-21 20:00:00+00:00,50125
2025-12-21 21:00:00+00:00,50468
2025-12-21 22:00:00+00:00,50873
2025-12-21 23:00:00+00:00,51140
2025-12-22 00:00:00+00:00,51750
2025-12-22 01:00:00+00:00,52069
2025-12-22 02:00:00+00:00,51556
2025-12-22 03:00:00+00:00,50915
2025-12-22 04:00:00+00:00,50016
2025-12-22 05:00:00+00:00,48242
2025-12-22 06:00:00+00:00,46261
2025-12-22 07:00:00+00:00,44698
2025-12-22 08:00:00+00:00,43627
2025-12-22 09:00:00+00:00,42934
2025-12-22 10:00:00+00:00,42820
2025-12-22 11:00:00+00:00,43371
2025-12-22 12:00:00+00:00,44688
2025-12-22 13:00:00+00:00,46673
2025-12-22 14:00:00+00:00,48415
2025-12-22 15:00:00+00:00,49426
2025-12-22 16:00:00+00:00,50201
2025-12-22 17:00:00+00:00,50812
2025-12-22 18:00:00+00:00,51966
2025-12-22 19:00:00+00:00,52674
2025-12-22 20:00:00+00:00,53317
2025-12-22 21:00:00+00:00,53682
2025-12-22 22:00:00+00:00,54058
2025-12-22 23:00:00+00:00,54054
2025-12-23 00:00:00+00:00,54412
2025-12-23 01:00:00+00:00,55137
2025-12-23 02:00:00+00:00,54507
2025-12-23 03:00:00+00:00,53589
2025-12-23 04:00:00+00:00,52596
2025-12-23 05:00:00+00:00,50813
2025-12-23 06:00:00+00:00,48657
2025-12-23 07:00:00+00:00,46708
2025-12-23 08:00:00+00:00,45342
2025-12-23 09:00:00+00:00,44353
2025-12-23 10:00:00+00:00,43846
2025-12-23 11:00:00+00:00,44053
2025-12-23 12:00:00+00:00,45137
2025-12-23 13:00:00+00:00,46683
2025-12-23 14:00:00+00:00,48041
2025-12-23 15:00:00+00:00,49122
2025-12-23 16:00:00+00:00,50637
2025-12-23 17:00:00+00:00,52255
2025-12-23 18:00:00+00:00,53429
2025-12-23 19:00:00+00:00,54394
2025-12-23 20:00:00+00:00,55336
2025-12-23 21:00:00+00:00,56101
2025-12-23 22:00:00+00:00,56432
2025-12-23 23:00:00+00:00,56054
2025-12-24 00:00:00+00:00,54913
2025-12-24 01:00:00+00:00,53786
2025-12-24 02:00:00+00:00,53744
2025-12-24 03:00:00+00:00,53187
2025-12-24 04:00:00+00:00,52244
2025-12-24 05:00:00+00:00,50608
2025-12-24 06:00:00+00:00,48432
2025-12-24 07:00:00+00:00,46334
2025-12-24 08:00:00+00:00,44557
2025-12-24 09:00:00+00:00,43234
2025-12-24 10:00:00+00:00,42591
2025-12-24 11:00:00+00:00,42503
2025-12-24 12:00:00+00:00,42963
2025-12-24 13:00:00+00:00,44207
2025-12-24 14:00:00+00:00,45415
2025-12-24 15:00:00+00:00,46551
2025-12-24 16:00:00+00:00,48284
2025-12-24 17:00:00+00:00,50117
2025-12-24 18:00:00+00:00,51785
2025-12-24 19:00:00+00:00,52954
2025-12-24 20:00:00+00:00,54227
2025-12-24 21:00:00+00:00,55225
2025-12-24 22:00:00+00:00,55640
2025-12-24 23:00:00+00:00,55125
2025-12-25 00:00:00+00:00,54444
2025-12-25 01:00:00+00:00,53691
2025-12-25 02:00:00+00:00,51970
2025-12-25 03:00:00+00:00,50656
2025-12-25 04:00:00+00:00,49562
2025-12-25 05:00:00+00:00,48107
2025-12-25 06:00:00+00:00,46491
2025-12-25 07:00:00+00:00,44836
2025-12-25 08:00:00+00:00,43438
2025-12-25 09:00:00+00:00,42389
2025-12-25 10:00:00+00:00,41668
2025-12-25 11:00:00+00:00,41332
2025-12-25 12:00:00+00:00,41386
2025-12-25 13:00:00+00:00,42034
2025-12-25 14:00:00+00:00,42815
2025-12-25 15:00:00+00:00,44060
2025-12-25 16:00:00+00:00,45788
2025-12-25 17:00:00+00:00,47449
2025-12-25 18:00:00+00:00,48817
2025-12-25 19:00:00+00:00,49986
2025-12-25 20:00:00+00:00,51004
2025-12-25 21:00:00+00:00,51814
2025-12-25 22:00:00+00:00,52347
2025-12-25 23:00:00+00:00,52185
2025-12-26 00:00:00+00:00,51686
2025-12-26 01:00:00+00:00,51431
2025-12-26 02:00:00+00:00,50340
2025-12-26 03:00:00+00:00,49467
2025-12-26 04:00:00+00:00,48680
2025-12-26 05:00:00+00:00,47474
2025-12-26 06:00:00+00:00,45855
2025-12-26 07:00:00+00:00,44221
2025-12-26 08:00:00+00:00,42955
2025-12-26 09:00:00+00:00,42088
2025-12-26 10:00:00+00:00,41702
2025-12-26 11:00:00+00:00,41728
2025-12-26 12:00:00+00:00,42426
2025-12-26 13:00:00+00:00,43608
2025-12-26 14:00:00+00:00,44567
2025-12-26 15:00:00+00:00,45540
2025-12-26 16:00:00+00:00,47516
2025-12-26 17:00:00+00:00,49701
2025-12-26 18:00:00+00:00,51557
2025-12-26 19:00:00+00:00,53206
2025-12-26 20:00:00+00:00,54974
2025-12-26 21:00:00+00:00,56526
2025-12-26 22:00:00+00:00,57395
2025-12-26 23:00:00+00:00,57327
2025-12-27 00:00:00+00:00,56590
2025-12-27 01:00:00+00:00,55791
2025-12-27 02:00:00+00:00,54048
2025-12-27 03:00:00+00:00,52826
2025-12-27 04:00:00+00:00,51792
2025-12-27 05:00:00+00:00,50071
2025-12-27 06:00:00+00:00,48085
2025-12-27 07:00:00+00:00,46157
2025-12-27 08:00:00+00:00,44696
2025-12-27 09:00:00+00:00,43729
2025-12-27 10:00:00+00:00,43123
2025-12-27 11:00:00+00:00,42709
2025-12-27 12:00:00+00:00,42925
2025-12-27 13:00:00+00:00,43547
2025-12-27 14:00:00+00:00,44174
2025-12-27 15:00:00+00:00,45584
2025-12-27 16:00:00+00:00,47539
2025-12-27 17:00:00+00:00,49601
2025-12-27 18:00:00+00:00,51439
2025-12-27 19:00:00+00:00,52802
2025-12-27 20:00:00+00:00,54139
2025-12-27 21:00:00+00:00,55303
2025-12-27 22:00:00+00:00,55912
2025-12-27 23:00:00+00:00,55761
2025-12-28 00:00:00+00:00,55357
2025-12-28 01:00:00+00:00,55235
2025-12-28 02:00:00+00:00,54091
2025-12-28 03:00:00+00:00,52848
2025-12-28 04:00:00+00:00,51812
2025-12-28 05:00:00+00:00,50322
2025-12-28 06:00:00+00:00,48464
2025-12-28 07:00:00+00:00,46690
2025-12-28 08:00:00+00:00,45127
2025-12-28 09:00:00+00:00,44067
2025-12-28 10:00:00+00:00,43355
2025-12-28 11:00:00+00:00,42764
2025-12-28 12:00:00+00:00,42754
2025-12-28 13:00:00+00:00,43462
2025-12-28 14:00:00+00:00,44032
2025-12-28 15:00:00+00:00,45153
2025-12-28 16:00:00+00:00,47148
2025-12-28 17:00:00+00:00,49209
2025-12-28 18:00:00+00:00,50961
2025-12-28 19:00:00+00:00,52674
2025-12-28 20:00:00+00:00,53830
2025-12-28 21:00:00+00:00,54573
2025-12-28 22:00:00+00:00,54722
2025-12-28 23:00:00+00:00,54139
2025-12-29 00:00:00+00:00,54020
2025-12-29 01:00:00+00:00,54236
2025-12-29 02:00:00+00:00,53119
2025-12-29 03:00:00+00:00,52078
2025-12-29 04:00:00+00:00,50835
2025-12-29 05:00:00+00:00,49046
2025-12-29 06:00:00+00:00,47192
2025-12-29 07:00:00+00:00,45340
2025-12-29 08:00:00+00:00,44523
2025-12-29 09:00:00+00:00,44415
2025-12-29 10:00:00+00:00,44625
2025-12-29 11:00:00+00:00,45683
2025-12-29 12:00:00+00:00,47707
2025-12-29 13:00:00+00:00,50743
2025-12-29 14:00:00+00:00,53510
2025-12-29 15:00:00+00:00,55214
2025-12-29 16:00:00+00:00,56535
2025-12-29 17:00:00+00:00,56953
2025-12-29 18:00:00+00:00,57038
2025-12-29 19:00:00+00:00,56965
2025-12-29 20:00:00+00:00,56773
2025-12-29 21:00:00+00:00,56485
2025-12-29 22:00:00+00:00,56724
2025-12-29 23:00:00+00:00,57312
2025-12-30 00:00:00+00:00,58742
2025-12-30 01:00:00+00:00,59782
2025-12-30 02:00:00+00:00,59306
2025-12-30 03:00:00+00:00,58882
2025-12-30 04:00:00+00:00,57707
2025-12-30 05:00:00+00:00,55839
2025-12-30 06:00:00+00:00,54079
2025-12-30 07:00:00+00:00,52636
2025-12-30 08:00:00+00:00,51814
2025-12-30 09:00:00+00:00,51645
2025-12-30 10:00:00+00:00,52049
2025-12-30 11:00:00+00:00,53121
2025-12-30 12:00:00+00:00,55057
2025-12-30 13:00:00+00:00,57527
2025-12-30 14:00:00+00:00,59480
2025-12-30 15:00:00+00:00,59568
2025-12-30 16:00:00+00:00,58172
2025-12-30 17:00:00+00:00,56234
2025-12-30 18:00:00+00:00,54046
2025-12-30 19:00:00+00:00,52285
2025-12-30 20:00:00+00:00,51017
2025-12-30 21:00:00+00:00,50196
2025-12-30 22:00:00+00:00,49862
2025-12-30 23:00:00+00:00,50202
2025-12-31 00:00:00+00:00,52446
2025-12-31 01:00:00+00:00,54666
2025-12-31 02:00:00+00:00,55192
2025-12-31 03:00:00+00:00,55664
2025-12-31 04:00:00+00:00,55464
2025-12-31 05:00:00+00:00,54362
2025-12-31 06:00:00+00:00,53189
2025-12-31 07:00:00+00:00,52394
2025-12-31 08:00:00+00:00,51857
2025-12-31 09:00:00+00:00,51634
2025-12-31 10:00:00+00:00,51900
2025-12-31 11:00:00+00:00,52820
2025-12-31 12:00:00+00:00,54756
2025-12-31 13:00:00+00:00,57147
2025-12-31 14:00:00+00:00,58815
2025-12-31 15:00:00+00:00,58153
2025-12-31 16:00:00+00:00,55954
2025-12-31 17:00:00+00:00,53616
2025-12-31 18:00:00+00:00,51384
2025-12-31 19:00:00+00:00,49656
2025-12-31 20:00:00+00:00,48726
2025-12-31 21:00:00+00:00,48059
2025-12-31 22:00:00+00:00,48037
2025-12-31 23:00:00+00:00,48403
2026-01-01 00:00:00+00:00,49626
2026-01-01 01:00:00+00:00,50885
2026-01-01 02:00:00+00:00,49773
2026-01-01 03:00:00+00:00,49002
2026-01-01 04:00:00+00:00,48230
2026-01-01 05:00:00+00:00,47374
2026-01-01 06:00:00+00:00,46797
2026-01-01 07:00:00+00:00,46221
2026-01-01 08:00:00+00:00,46216
2026-01-01 09:00:00+00:00,46151
2026-01-01 10:00:00+00:00,46252
2026-01-01 11:00:00+00:00,46702
2026-01-01 12:00:00+00:00,47399
2026-01-01 13:00:00+00:00,48455
2026-01-01 14:00:00+00:00,49000
2026-01-01 15:00:00+00:00,48774
2026-01-01 16:00:00+00:00,48040
2026-01-01 17:00:00+00:00,47163
2026-01-01 18:00:00+00:00,46448
2026-01-01 19:00:00+00:00,46127
2026-01-01 20:00:00+00:00,45866
2026-01-01 21:00:00+00:00,45732
2026-01-01 22:00:00+00:00,45796
2026-01-01 23:00:00+00:00,46191
2026-01-02 00:00:00+00:00,47457
2026-01-02 01:00:00+00:00,48569
2026-01-02 02:00:00+00:00,48244
2026-01-02 03:00:00+00:00,47716
2026-01-02 04:00:00+00:00,46998
2026-01-02 05:00:00+00:00,45671
2026-01-02 06:00:00+00:00,44179
2026-01-02 07:00:00+00:00,42883
2026-01-02 08:00:00+00:00,41781
2026-01-02 09:00:00+00:00,41154
2026-01-02 10:00:00+00:00,41017
2026-01-02 11:00:00+00:00,41465
2026-01-02 12:00:00+00:00,42467
2026-01-02 13:00:00+00:00,44180
2026-01-02 14:00:00+00:00,45514
2026-01-02 15:00:00+00:00,46156
2026-01-02 16:00:00+00:00,46695
2026-01-02 17:00:00+00:00,47279
2026-01-02 18:00:00+00:00,47912
2026-01-02 19:00:00+00:00,48910
2026-01-02 20:00:00+00:00,49962
2026-01-02 21:00:00+00:00,51006
2026-01-02 22:00:00+00:00,51990
2026-01-02 23:00:00+00:00,52538
2026-01-03 00:00:00+00:00,52173
2026-01-03 01:00:00+00:00,52135
2026-01-03 02:00:00+00:00,50864
2026-01-03 03:00:00+00:00,49874
2026-01-03 04:00:00+00:00,48759
2026-01-03 05:00:00+00:00,47268
2026-01-03 06:00:00+00:00,45584
2026-01-03 07:00:00+00:00,44013
2026-01-03 08:00:00+00:00,42837
2026-01-03 09:00:00+00:00,41992
2026-01-03 10:00:00+00:00,41421
2026-01-03 11:00:00+00:00,41303
2026-01-03 12:00:00+00:00,41635
2026-01-03 13:00:00+00:00,42583
2026-01-03 14:00:00+00:00,43743
2026-01-03 15:00:00+00:00,45157
2026-01-03 16:00:00+00:00,46242
2026-01-03 17:00:00+00:00,46839
2026-01-03 18:00:00+00:00,47321
2026-01-03 19:00:00+00:00,47836
2026-01-03 20:00:00+00:00,48215
2026-01-03 21:00:00+00:00,48509
2026-01-03 22:00:00+00:00,48901
2026-01-03 23:00:00+00:00,49143
2026-01-04 00:00:00+00:00,49561
2026-01-04 01:00:00+00:00,50012
2026-01-04 02:00:00+00:00,48970
2026-01-04 03:00:00+00:00,47607
2026-01-04 04:00:00+00:00,47316
2026-01-04 05:00:00+00:00,46346
2026-01-04 06:00:00+00:00,44811
2026-01-04 07:00:00+00:00,43530
2026-01-04 08:00:00+00:00,42679
2026-01-04 09:00:00+00:00,42363
2026-01-04 10:00:00+00:00,42378
2026-01-04 11:00:00+00:00,42587
2026-01-04 12:00:00+00:00,43271
2026-01-04 13:00:00+00:00,44554
2026-01-04 14:00:00+00:00,45960
2026-01-04 15:00:00+00:00,46993
2026-01-04 16:00:00+00:00,47586
2026-01-04 17:00:00+00:00,46987
2026-01-04 18:00:00+00:00,46614
2026-01-04 19:00:00+00:00,46672
2026-01-04 20:00:00+00:00,46824
2026-01-04 21:00:00+00:00,47109
2026-01-04 22:00:00+00:00,47467
2026-01-04 23:00:00+00:00,48182
2026-01-05 00:00:00+00:00,49332
2026-01-05 01:00:00+00:00,50375
2026-01-05 02:00:00+00:00,50092
2026-01-05 03:00:00+00:00,49526
2026-01-05 04:00:00+00:00,48460
2026-01-05 05:00:00+00:00,46911
2026-01-05 06:00:00+00:00,45142
2026-01-05 07:00:00+00:00,43823
2026-01-05 08:00:00+00:00,43092
2026-01-05 09:00:00+00:00,42588
2026-01-05 10:00:00+00:00,42609
2026-01-05 11:00:00+00:00,43623
2026-01-05 12:00:00+00:00,45423
2026-01-05 13:00:00+00:00,47947
2026-01-05 14:00:00+00:00,49548
2026-01-05 15:00:00+00:00,49935
2026-01-05 16:00:00+00:00,50271
2026-01-05 17:00:00+00:00,50525
2026-01-05 18:00:00+00:00,50552
2026-01-05 19:00:00+00:00,50589
2026-01-05 20:00:00+00:00,50798
2026-01-05 21:00:00+00:00,51281
2026-01-05 22:00:00+00:00,51622
2026-01-05 23:00:00+00:00,51941
2026-01-06 00:00:00+00:00,52459
2026-01-06 01:00:00+00:00,53357
2026-01-06 02:00:00+00:00,52671
2026-01-06 03:00:00+00:00,51614
2026-01-06 04:00:00+00:00,50134
2026-01-06 05:00:00+00:00,47912
2026-01-06 06:00:00+00:00,45686
2026-01-06 07:00:00+00:00,43968
2026-01-06 08:00:00+00:00,42915
2026-01-06 09:00:00+00:00,42225
2026-01-06 10:00:00+00:00,41834
2026-01-06 11:00:00+00:00,42535
2026-01-06 12:00:00+00:00,44120
2026-01-06 13:00:00+00:00,46938
2026-01-06 14:00:00+00:00,48202
2026-01-06 15:00:00+00:00,48564
2026-01-06 16:00:00+00:00,49065
2026-01-06 17:00:00+00:00,49591
2026-01-06 18:00:00+00:00,50278
2026-01-06 19:00:00+00:00,51108
2026-01-06 20:00:00+00:00,52128
2026-01-06 21:00:00+00:00,53241
2026-01-06 22:00:00+00:00,53972
2026-01-06 23:00:00+00:00,54604
2026-01-07 00:00:00+00:00,54425
2026-01-07 01:00:00+00:00,54343
2026-01-07 02:00:00+00:00,53280
2026-01-07 03:00:00+00:00,51882
2026-01-07 04:00:00+00:00,50309
2026-01-07 05:00:00+00:00,48213
2026-01-07 06:00:00+00:00,45816
2026-01-07 07:00:00+00:00,44048
2026-01-07 08:00:00+00:00,42925
2026-01-07 09:00:00+00:00,42534
2026-01-07 10:00:00+00:00,42434
2026-01-07 11:00:00+00:00,43218
2026-01-07 12:00:00+00:00,45300
2026-01-07 13:00:00+00:00,48462
2026-01-07 14:00:00+00:00,50026
2026-01-07 15:00:00+00:00,49920
2026-01-07 16:00:00+00:00,49608
2026-01-07 17:00:00+00:00,49570
2026-01-07 18:00:00+00:00,49934
2026-01-07 19:00:00+00:00,50942
2026-01-07 20:00:00+00:00,51933
2026-01-07 21:00:00+00:00,52482
2026-01-07 22:00:00+00:00,52735
2026-01-07 23:00:00+00:00,52829
2026-01-08 00:00:00+00:00,53407
2026-01-08 01:00:00+00:00,54503
2026-01-08 02:00:00+00:00,53785
2026-01-08 03:00:00+00:00,53018
2026-01-08 04:00:00+00:00,51753
2026-01-08 05:00:00+00:00,49501
2026-01-08 06:00:00+00:00,47095
2026-01-08 07:00:00+00:00,45143
2026-01-08 08:00:00+00:00,43984
2026-01-08 09:00:00+00:00,43432
2026-01-08 10:00:00+00:00,43005
2026-01-08 11:00:00+00:00,43424
2026-01-08 12:00:00+00:00,44982
2026-01-08 13:00:00+00:00,47720
2026-01-08 14:00:00+00:00,49389
2026-01-08 15:00:00+00:00,49914
2026-01-08 16:00:00+00:00,50768
2026-01-08 17:00:00+00:00,51414
2026-01-08 18:00:00+00:00,52176
2026-01-08 19:00:00+00:00,52635
2026-01-08 20:00:00+00:00,53289
2026-01-08 21:00:00+00:00,53575
2026-01-08 22:00:00+00:00,53674
2026-01-08 23:00:00+00:00,53644
2026-01-09 00:00:00+00:00,53855
2026-01-09 01:00:00+00:00,54583
2026-01-09 02:00:00+00:00,53626
2026-01-09 03:00:00+00:00,52509
2026-01-09 04:00:00+00:00,51062
2026-01-09 05:00:00+00:00,48667
2026-01-09 06:00:00+00:00,46061
2026-01-09 07:00:00+00:00,43751
2026-01-09 08:00:00+00:00,42584
2026-01-09 09:00:00+00:00,42081
2026-01-09 10:00:00+00:00,41932
2026-01-09 11:00:00+00:00,42412
2026-01-09 12:00:00+00:00,44172
2026-01-09 13:00:00+00:00,47363
2026-01-09 14:00:00+00:00,49129
2026-01-09 15:00:00+00:00,49389
2026-01-09 16:00:00+00:00,50543
2026-01-09 17:00:00+00:00,50924
2026-01-09 18:00:00+00:00,51198
2026-01-09 19:00:00+00:00,51614
2026-01-09 20:00:00+00:00,52104
2026-01-09 21:00:00+00:00,52304
2026-01-09 22:00:00+00:00,52362
2026-01-09 23:00:00+00:00,52175
2026-01-10 00:00:00+00:00,52297
2026-01-10 01:00:00+00:00,52924
2026-01-10 02:00:00+00:00,52157
2026-01-10 03:00:00+00:00,51678
2026-01-10 04:00:00+00:00,50991
2026-01-10 05:00:00+00:00,49565
2026-01-10 06:00:00+00:00,47675
2026-01-10 07:00:00+00:00,46051
2026-01-10 08:00:00+00:00,44945
2026-01-10 09:00:00+00:00,44182
2026-01-10 10:00:00+00:00,44064
2026-01-10 11:00:00+00:00,44486
2026-01-10 12:00:00+00:00,45466
2026-01-10 13:00:00+00:00,47055
2026-01-10 14:00:00+00:00,48942
2026-01-10 15:00:00+00:00,50606
2026-01-10 16:00:00+00:00,51709
2026-01-10 17:00:00+00:00,51683
2026-01-10 18:00:00+00:00,50919
2026-01-10 19:00:00+00:00,50253
2026-01-10 20:00:00+00:00,49473
2026-01-10 21:00:00+00:00,48650
2026-01-10 22:00:00+00:00,48383
2026-01-10 23:00:00+00:00,49003
2026-01-11 00:00:00+00:00,51000
2026-01-11 01:00:00+00:00,53115
2026-01-11 02:00:00+00:00,53181
2026-01-11 03:00:00+00:00,53369
2026-01-11 04:00:00+00:00,53502
2026-01-11 05:00:00+00:00,52870
2026-01-11 06:00:00+00:00,51859
2026-01-11 07:00:00+00:00,50790
2026-01-11 08:00:00+00:00,50147
2026-01-11 09:00:00+00:00,49770
2026-01-11 10:00:00+00:00,49737
2026-01-11 11:00:00+00:00,50257
2026-01-11 12:00:00+00:00,51145
2026-01-11 13:00:00+00:00,52736
2026-01-11 14:00:00+00:00,54218
2026-01-11 15:00:00+00:00,55174
2026-01-11 16:00:00+00:00,54493
2026-01-11 17:00:00+00:00,52813
2026-01-11 18:00:00+00:00,51070
2026-01-11 19:00:00+00:00,49628
2026-01-11 20:00:00+00:00,48618
2026-01-11 21:00:00+00:00,47996
2026-01-11 22:00:00+00:00,48043
2026-01-11 23:00:00+00:00,48602
2026-01-12 00:00:00+00:00,50200
2026-01-12 01:00:00+00:00,52197
2026-01-12 02:00:00+00:00,52769
2026-01-12 03:00:00+00:00,52793
2026-01-12 04:00:00+00:00,52054
2026-01-12 05:00:00+00:00,50433
2026-01-12 06:00:00+00:00,48748
2026-01-12 07:00:00+00:00,47799
2026-01-12 08:00:00+00:00,47341
2026-01-12 09:00:00+00:00,47588
2026-01-12 10:00:00+00:00,48192
2026-01-12 11:00:00+00:00,49597
2026-01-12 12:00:00+00:00,52559
2026-01-12 13:00:00+00:00,56671
2026-01-12 14:00:00+00:00,58539
2026-01-12 15:00:00+00:00,58344
2026-01-12 16:00:00+00:00,57068
2026-01-12 17:00:00+00:00,55516
2026-01-12 18:00:00+00:00,53482
2026-01-12 19:00:00+00:00,51872
2026-01-12 20:00:00+00:00,50852
2026-01-12 21:00:00+00:00,50022
2026-01-12 22:00:00+00:00,49581
2026-01-12 23:00:00+00:00,49829
2026-01-13 00:00:00+00:00,51230
2026-01-13 01:00:00+00:00,53382
2026-01-13 02:00:00+00:00,53618
2026-01-13 03:00:00+00:00,53192
2026-01-13 04:00:00+00:00,52153
2026-01-13 05:00:00+00:00,50293
2026-01-13 06:00:00+00:00,48472
2026-01-13 07:00:00+00:00,47321
2026-01-13 08:00:00+00:00,46602
2026-01-13 09:00:00+00:00,46624
2026-01-13 10:00:00+00:00,46836
2026-01-13 11:00:00+00:00,47995
2026-01-13 12:00:00+00:00,50514
2026-01-13 13:00:00+00:00,53674
2026-01-13 14:00:00+00:00,55041
2026-01-13 15:00:00+00:00,54408
2026-01-13 16:00:00+00:00,54129
2026-01-13 17:00:00+00:00,53438
2026-01-13 18:00:00+00:00,52462
2026-01-13 19:00:00+00:00,51656
2026-01-13 20:00:00+00:00,50914
2026-01-13 21:00:00+00:00,50354
2026-01-13 22:00:00+00:00,50196
2026-01-13 23:00:00+00:00,50574
2026-01-14 00:00:00+00:00,52093
2026-01-14 01:00:00+00:00,53622
2026-01-14 02:00:00+00:00,53677
2026-01-14 03:00:00+00:00,53537
2026-01-14 04:00:00+00:00,52369
2026-01-14 05:00:00+00:00,50287
2026-01-14 06:00:00+00:00,48203
2026-01-14 07:00:00+00:00,47011
2026-01-14 08:00:00+00:00,46346
2026-01-14 09:00:00+00:00,46384
2026-01-14 10:00:00+00:00,46827
2026-01-14 11:00:00+00:00,47961
2026-01-14 12:00:00+00:00,50429
2026-01-14 13:00:00+00:00,53668
2026-01-14 14:00:00+00:00,54965
2026-01-14 15:00:00+00:00,53888
2026-01-14 16:00:00+00:00,52451
2026-01-14 17:00:00+00:00,51289
2026-01-14 18:00:00+00:00,49978
2026-01-14 19:00:00+00:00,49222
2026-01-14 20:00:00+00:00,48723
2026-01-14 21:00:00+00:00,48380
2026-01-14 22:00:00+00:00,48636
2026-01-14 23:00:00+00:00,49342
2026-01-15 00:00:00+00:00,50783
2026-01-15 01:00:00+00:00,52417
2026-01-15 02:00:00+00:00,52751
2026-01-15 03:00:00+00:00,52807
2026-01-15 04:00:00+00:00,52016
2026-01-15 05:00:00+00:00,50268
2026-01-15 06:00:00+00:00,48800
2026-01-15 07:00:00+00:00,47908
2026-01-15 08:00:00+00:00,47701
2026-01-15 09:00:00+00:00,47949
2026-01-15 10:00:00+00:00,48583
2026-01-15 11:00:00+00:00,50442
2026-01-15 12:00:00+00:00,53657
2026-01-15 13:00:00+00:00,58376
2026-01-15 14:00:00+00:00,60375
2026-01-15 15:00:00+00:00,59039
2026-01-15 16:00:00+00:00,56593
2026-01-15 17:00:00+00:00,54393
2026-01-15 18:00:00+00:00,52373
2026-01-15 19:00:00+00:00,50776
2026-01-15 20:00:00+00:00,49823
2026-01-15 21:00:00+00:00,49412
2026-01-15 22:00:00+00:00,49346
2026-01-15 23:00:00+00:00,49640
2026-01-16 00:00:00+00:00,50692
2026-01-16 01:00:00+00:00,52987
2026-01-16 02:00:00+00:00,53680
2026-01-16 03:00:00+00:00,53426
2026-01-16 04:00:00+00:00,52718
2026-01-16 05:00:00+00:00,51015
2026-01-16 06:00:00+00:00,49263
2026-01-16 07:00:00+00:00,48129
2026-01-16 08:00:00+00:00,47520
2026-01-16 09:00:00+00:00,47125
2026-01-16 10:00:00+00:00,47244
2026-01-16 11:00:00+00:00,48330
2026-01-16 12:00:00+00:00,50802
2026-01-16 13:00:00+00:00,54513
2026-01-16 14:00:00+00:00,56188
2026-01-16 15:00:00+00:00,55023
2026-01-16 16:00:00+00:00,53460
2026-01-16 17:00:00+00:00,52094
2026-01-16 18:00:00+00:00,50864
2026-01-16 19:00:00+00:00,49827
2026-01-16 20:00:00+00:00,49402
2026-01-16 21:00:00+00:00,49217
2026-01-16 22:00:00+00:00,49410
2026-01-16 23:00:00+00:00,49665
2026-01-17 00:00:00+00:00,50833
2026-01-17 01:00:00+00:00,52092
2026-01-17 02:00:00+00:00,52076
2026-01-17 03:00:00+00:00,51977
2026-01-17 04:00:00+00:00,51622
2026-01-17 05:00:00+00:00,50648
2026-01-17 06:00:00+00:00,49653
2026-01-17 07:00:00+00:00,48903
2026-01-17 08:00:00+00:00,48457
2026-01-17 09:00:00+00:00,48391
2026-01-17 10:00:00+00:00,48717
2026-01-17 11:00:00+00:00,49519
2026-01-17 12:00:00+00:00,51023
2026-01-17 13:00:00+00:00,53065
2026-01-17 14:00:00+00:00,55078
2026-01-17 15:00:00+00:00,56079
2026-01-17 16:00:00+00:00,56228
2026-01-17 17:00:00+00:00,56042
2026-01-17 18:00:00+00:00,55044
2026-01-17 19:00:00+00:00,53796
2026-01-17 20:00:00+00:00,52742
2026-01-17 21:00:00+00:00,52072
2026-01-17 22:00:00+00:00,52416
2026-01-17 23:00:00+00:00,53272
2026-01-18 00:00:00+00:00,55164
2026-01-18 01:00:00+00:00,57623
2026-01-18 02:00:00+00:00,58043
2026-01-18 03:00:00+00:00,58405
2026-01-18 04:00:00+00:00,58426
2026-01-18 05:00:00+00:00,57935
2026-01-18 06:00:00+00:00,57638
2026-01-18 07:00:00+00:00,57304
2026-01-18 08:00:00+00:00,57173
2026-01-18 09:00:00+00:00,57603
2026-01-18 10:00:00+00:00,58187
2026-01-18 11:00:00+00:00,58995
2026-01-18 12:00:00+00:00,60459
2026-01-18 13:00:00+00:00,62286
2026-01-18 14:00:00+00:00,64139
2026-01-18 15:00:00+00:00,63934
2026-01-18 16:00:00+00:00,61711
2026-01-18 17:00:00+00:00,58670
2026-01-18 18:00:00+00:00,55784
2026-01-18 19:00:00+00:00,53083
2026-01-18 20:00:00+00:00,50877
2026-01-18 21:00:00+00:00,49341
2026-01-18 22:00:00+00:00,48640
2026-01-18 23:00:00+00:00,48625
2026-01-19 00:00:00+00:00,50175
2026-01-19 01:00:00+00:00,52667
2026-01-19 02:00:00+00:00,53535
2026-01-19 03:00:00+00:00,53798
2026-01-19 04:00:00+00:00,53863
2026-01-19 05:00:00+00:00,52995
2026-01-19 06:00:00+00:00,51909
2026-01-19 07:00:00+00:00,51336
2026-01-19 08:00:00+00:00,51299
2026-01-19 09:00:00+00:00,51606
2026-01-19 10:00:00+00:00,52420
2026-01-19 11:00:00+00:00,54031
2026-01-19 12:00:00+00:00,56640
2026-01-19 13:00:00+00:00,59766
2026-01-19 14:00:00+00:00,62033
2026-01-19 15:00:00+00:00,61273
2026-01-19 16:00:00+00:00,58968
2026-01-19 17:00:00+00:00,56671
2026-01-19 18:00:00+00:00,54483
2026-01-19 19:00:00+00:00,52672
2026-01-19 20:00:00+00:00,51393
2026-01-19 21:00:00+00:00,50852
2026-01-19 22:00:00+00:00,50855
2026-01-19 23:00:00+00:00,51404
2026-01-20 00:00:00+00:00,53476
2026-01-20 01:00:00+00:00,56035
2026-01-20 02:00:00+00:00,56460
2026-01-20 03:00:00+00:00,56231
2026-01-20 04:00:00+00:00,54971
2026-01-20 05:00:00+00:00,53644
2026-01-20 06:00:00+00:00,52213
2026-01-20 07:00:00+00:00,51190
2026-01-20 08:00:00+00:00,50891
2026-01-20 09:00:00+00:00,51124
2026-01-20 10:00:00+00:00,51584
2026-01-20 11:00:00+00:00,53076
2026-01-20 12:00:00+00:00,55852
2026-01-20 13:00:00+00:00,59290
2026-01-20 14:00:00+00:00,60829
2026-01-20 15:00:00+00:00,59185
2026-01-20 16:00:00+00:00,59096
2026-01-20 17:00:00+00:00,56815
2026-01-20 18:00:00+00:00,55258
2026-01-20 19:00:00+00:00,53579
2026-01-20 20:00:00+00:00,52587
2026-01-20 21:00:00+00:00,51973
2026-01-20 22:00:00+00:00,51758
2026-01-20 23:00:00+00:00,52523
2026-01-21 00:00:00+00:00,54122
2026-01-21 01:00:00+00:00,55752
2026-01-21 02:00:00+00:00,55354
2026-01-21 03:00:00+00:00,54743
2026-01-21 04:00:00+00:00,53330
2026-01-21 05:00:00+00:00,50977
2026-01-21 06:00:00+00:00,48639
2026-01-21 07:00:00+00:00,46923
2026-01-21 08:00:00+00:00,45803
2026-01-21 09:00:00+00:00,45292
2026-01-21 10:00:00+00:00,45203
2026-01-21 11:00:00+00:00,45756
2026-01-21 12:00:00+00:00,47632
2026-01-21 13:00:00+00:00,50513
2026-01-21 14:00:00+00:00,51813
2026-01-21 15:00:00+00:00,51720
2026-01-21 16:00:00+00:00,51896
2026-01-21 17:00:00+00:00,51849
2026-01-21 18:00:00+00:00,51392
2026-01-21 19:00:00+00:00,50574
2026-01-21 20:00:00+00:00,49927
2026-01-21 21:00:00+00:00,49435
2026-01-21 22:00:00+00:00,49338
2026-01-21 23:00:00+00:00,49702
2026-01-22 00:00:00+00:00,50832
2026-01-22 01:00:00+00:00,52360
2026-01-22 02:00:00+00:00,52461
2026-01-22 03:00:00+00:00,52081
2026-01-22 04:00:00+00:00,51185
2026-01-22 05:00:00+00:00,49202
2026-01-22 06:00:00+00:00,47299
2026-01-22 07:00:00+00:00,45685
2026-01-22 08:00:00+00:00,45033
2026-01-22 09:00:00+00:00,44735
2026-01-22 10:00:00+00:00,44945
2026-01-22 11:00:00+00:00,46095
2026-01-22 12:00:00+00:00,48364
2026-01-22 13:00:00+00:00,51781
2026-01-22 14:00:00+00:00,53380
2026-01-22 15:00:00+00:00,53136
2026-01-22 16:00:00+00:00,52763
2026-01-22 17:00:00+00:00,52352
2026-01-22 18:00:00+00:00,51775
2026-01-22 19:00:00+00:00,51210
2026-01-22 20:00:00+00:00,50795
2026-01-22 21:00:00+00:00,50474
2026-01-22 22:00:00+00:00,50522
2026-01-22 23:00:00+00:00,51036
2026-01-23 00:00:00+00:00,51955
2026-01-23 01:00:00+00:00,53365
2026-01-23 02:00:00+00:00,53391
2026-01-23 03:00:00+00:00,53049
2026-01-23 04:00:00+00:00,51934
2026-01-23 05:00:00+00:00,49865
2026-01-23 06:00:00+00:00,47750
2026-01-23 07:00:00+00:00,45921
2026-01-23 08:00:00+00:00,44740
2026-01-23 09:00:00+00:00,44176
2026-01-23 10:00:00+00:00,44250
2026-01-23 11:00:00+00:00,44961
2026-01-23 12:00:00+00:00,46661
2026-01-23 13:00:00+00:00,49612
2026-01-23 14:00:00+00:00,51132
2026-01-23 15:00:00+00:00,51755
2026-01-23 16:00:00+00:00,52503
2026-01-23 17:00:00+00:00,53279
2026-01-23 18:00:00+00:00,53879
2026-01-23 19:00:00+00:00,54263
2026-01-23 20:00:00+00:00,54653
2026-01-23 21:00:00+00:00,54856
2026-01-23 22:00:00+00:00,54858
2026-01-23 23:00:00+00:00,55574
2026-01-24 00:00:00+00:00,56812
2026-01-24 01:00:00+00:00,58013
2026-01-24 02:00:00+00:00,57780
2026-01-24 03:00:00+00:00,57485
2026-01-24 04:00:00+00:00,56893
2026-01-24 05:00:00+00:00,55910
2026-01-24 06:00:00+00:00,54680
2026-01-24 07:00:00+00:00,53603
2026-01-24 08:00:00+00:00,52927
2026-01-24 09:00:00+00:00,52552
2026-01-24 10:00:00+00:00,52578
2026-01-24 11:00:00+00:00,53042
2026-01-24 12:00:00+00:00,54554
2026-01-24 13:00:00+00:00,56370
2026-01-24 14:00:00+00:00,58560
2026-01-24 15:00:00+00:00,60280
2026-01-24 16:00:00+00:00,61544
2026-01-24 17:00:00+00:00,63168
2026-01-24 18:00:00+00:00,64311
2026-01-24 19:00:00+00:00,65213
2026-01-24 20:00:00+00:00,65584
2026-01-24 21:00:00+00:00,65994
2026-01-24 22:00:00+00:00,66629
2026-01-24 23:00:00+00:00,67524
2026-01-25 00:00:00+00:00,69008
2026-01-25 01:00:00+00:00,70466
2026-01-25 02:00:00+00:00,70489
2026-01-25 03:00:00+00:00,70332
2026-01-25 04:00:00+00:00,69861
2026-01-25 05:00:00+00:00,68665
2026-01-25 06:00:00+00:00,67635
2026-01-25 07:00:00+00:00,67009
2026-01-25 08:00:00+00:00,66289
2026-01-25 09:00:00+00:00,66175
2026-01-25 10:00:00+00:00,66765
2026-01-25 11:00:00+00:00,67625
2026-01-25 12:00:00+00:00,68684
2026-01-25 13:00:00+00:00,70123
2026-01-25 14:00:00+00:00,71346
2026-01-25 15:00:00+00:00,71997
2026-01-25 16:00:00+00:00,72930
2026-01-25 17:00:00+00:00,73492
2026-01-25 18:00:00+00:00,72689
2026-01-25 19:00:00+00:00,71710
2026-01-25 20:00:00+00:00,70861
2026-01-25 21:00:00+00:00,70388
2026-01-25 22:00:00+00:00,70036
2026-01-25 23:00:00+00:00,70497
2026-01-26 00:00:00+00:00,72365
2026-01-26 01:00:00+00:00,74046
2026-01-26 02:00:00+00:00,73907
2026-01-26 03:00:00+00:00,73605
2026-01-26 04:00:00+00:00,72941
2026-01-26 05:00:00+00:00,71367
2026-01-26 06:00:00+00:00,70334
2026-01-26 07:00:00+00:00,69793
2026-01-26 08:00:00+00:00,69714
2026-01-26 09:00:00+00:00,69769
2026-01-26 10:00:00+00:00,70065
2026-01-26 11:00:00+00:00,70718
2026-01-26 12:00:00+00:00,72094
2026-01-26 13:00:00+00:00,73959
2026-01-26 14:00:00+00:00,75137
2026-01-26 15:00:00+00:00,75599
2026-01-26 16:00:00+00:00,74368
2026-01-26 17:00:00+00:00,72437
2026-01-26 18:00:00+00:00,69763
2026-01-26 19:00:00+00:00,66868
2026-01-26 20:00:00+00:00,63898
2026-01-26 21:00:00+00:00,61597
2026-01-26 22:00:00+00:00,60132
2026-01-26 23:00:00+00:00,60282
2026-01-27 00:00:00+00:00,62093
2026-01-27 01:00:00+00:00,65518
2026-01-27 02:00:00+00:00,67110
2026-01-27 03:00:00+00:00,67763
2026-01-27 04:00:00+00:00,67682
2026-01-27 05:00:00+00:00,66542
2026-01-27 06:00:00+00:00,65890
2026-01-27 07:00:00+00:00,65661
2026-01-27 08:00:00+00:00,65825
2026-01-27 09:00:00+00:00,66067
2026-01-27 10:00:00+00:00,66664
2026-01-27 11:00:00+00:00,67957
2026-01-27 12:00:00+00:00,70034
2026-01-27 13:00:00+00:00,72652
2026-01-27 14:00:00+00:00,74330
2026-01-27 15:00:00+00:00,73116
2026-01-27 16:00:00+00:00,69876
2026-01-27 17:00:00+00:00,66479
2026-01-27 18:00:00+00:00,63328
2026-01-27 19:00:00+00:00,60881
2026-01-27 20:00:00+00:00,58640
2026-01-27 21:00:00+00:00,56996
2026-01-27 22:00:00+00:00,56241
2026-01-27 23:00:00+00:00,56303
2026-01-28 00:00:00+00:00,57721
2026-01-28 01:00:00+00:00,59997
2026-01-28 02:00:00+00:00,60911
2026-01-28 03:00:00+00:00,61347
2026-01-28 04:00:00+00:00,61002
2026-01-28 05:00:00+00:00,59858
2026-01-28 06:00:00+00:00,58803
2026-01-28 07:00:00+00:00,58375
2026-01-28 08:00:00+00:00,58374
2026-01-28 09:00:00+00:00,58647
2026-01-28 10:00:00+00:00,59759
2026-01-28 11:00:00+00:00,61393
2026-01-28 12:00:00+00:00,63780
2026-01-28 13:00:00+00:00,66528
2026-01-28 14:00:00+00:00,67941
2026-01-28 15:00:00+00:00,66877
2026-01-28 16:00:00+00:00,64478
2026-01-28 17:00:00+00:00,60892
2026-01-28 18:00:00+00:00,57637
2026-01-28 19:00:00+00:00,55025
2026-01-28 20:00:00+00:00,53275
2026-01-28 21:00:00+00:00,51831
2026-01-28 22:00:00+00:00,51252
2026-01-28 23:00:00+00:00,51414
2026-01-29 00:00:00+00:00,52285
2026-01-29 01:00:00+00:00,55182
2026-01-29 02:00:00+00:00,56983
2026-01-29 03:00:00+00:00,58158
2026-01-29 04:00:00+00:00,58614
2026-01-29 05:00:00+00:00,57939
2026-01-29 06:00:00+00:00,56895
2026-01-29 07:00:00+00:00,56228
2026-01-29 08:00:00+00:00,56118
2026-01-29 09:00:00+00:00,56280
2026-01-29 10:00:00+00:00,56811
2026-01-29 11:00:00+00:00,58346
2026-01-29 12:00:00+00:00,61099
2026-01-29 13:00:00+00:00,64701
2026-01-29 14:00:00+00:00,65837
2026-01-29 15:00:00+00:00,63802
2026-01-29 16:00:00+00:00,60311
2026-01-29 17:00:00+00:00,57004
2026-01-29 18:00:00+00:00,53949
2026-01-29 19:00:00+00:00,51579
2026-01-29 20:00:00+00:00,50097
2026-01-29 21:00:00+00:00,49234
2026-01-29 22:00:00+00:00,49032
2026-01-29 23:00:00+00:00,49744
2026-01-30 00:00:00+00:00,51298
2026-01-30 01:00:00+00:00,54122
2026-01-30 02:00:00+00:00,55449
2026-01-30 03:00:00+00:00,55827
2026-01-30 04:00:00+00:00,55445
2026-01-30 05:00:00+00:00,54278
2026-01-30 06:00:00+00:00,53023
2026-01-30 07:00:00+00:00,52339
2026-01-30 08:00:00+00:00,52169
2026-01-30 09:00:00+00:00,52382
2026-01-30 10:00:00+00:00,53234
2026-01-30 11:00:00+00:00,55111
2026-01-30 12:00:00+00:00,58029
2026-01-30 13:00:00+00:00,62248
2026-01-30 14:00:00+00:00,64330
2026-01-30 15:00:00+00:00,64337
2026-01-30 16:00:00+00:00,63749
2026-01-30 17:00:00+00:00,61920
2026-01-30 18:00:00+00:00,59825
2026-01-30 19:00:00+00:00,57799
2026-01-30 20:00:00+00:00,56285
2026-01-30 21:00:00+00:00,55091
2026-01-30 22:00:00+00:00,54256
2026-01-30 23:00:00+00:00,54689
2026-01-31 00:00:00+00:00,56153
2026-01-31 01:00:00+00:00,57995
2026-01-31 02:00:00+00:00,58922
2026-01-31 03:00:00+00:00,59709
2026-01-31 04:00:00+00:00,59991
2026-01-31 05:00:00+00:00,59557
2026-01-31 06:00:00+00:00,59025
2026-01-31 07:00:00+00:00,58993
2026-01-31 08:00:00+00:00,59141
2026-01-31 09:00:00+00:00,60027
2026-01-31 10:00:00+00:00,60752
2026-01-31 11:00:00+00:00,61985
2026-01-31 12:00:00+00:00,64049
2026-01-31 13:00:00+00:00,66657
2026-01-31 14:00:00+00:00,69023
2026-01-31 15:00:00+00:00,69831
2026-01-31 16:00:00+00:00,69161
2026-01-31 17:00:00+00:00,67283
2026-01-31 18:00:00+00:00,64970
2026-01-31 19:00:00+00:00,62606
2026-01-31 20:00:00+00:00,60292
2026-01-31 21:00:00+00:00,58315
2026-01-31 22:00:00+00:00,57604
2026-01-31 23:00:00+00:00,58022
2026-02-01 00:00:00+00:00,59770
2026-02-01 01:00:00+00:00,62370
2026-02-01 02:00:00+00:00,63658
2026-02-01 03:00:00+00:00,64372
2026-02-01 04:00:00+00:00,64645
2026-02-01 05:00:00+00:00,64588
2026-02-01 06:00:00+00:00,64109
2026-02-01 07:00:00+00:00,63421
2026-02-01 08:00:00+00:00,62940
2026-02-01 09:00:00+00:00,63047
2026-02-01 10:00:00+00:00,63268
2026-02-01 11:00:00+00:00,63975
2026-02-01 12:00:00+00:00,65744
2026-02-01 13:00:00+00:00,67975
2026-02-01 14:00:00+00:00,69605
2026-02-01 15:00:00+00:00,69368
2026-02-01 16:00:00+00:00,67094
2026-02-01 17:00:00+00:00,63709
2026-02-01 18:00:00+00:00,60341
2026-02-01 19:00:00+00:00,57373
2026-02-01 20:00:00+00:00,54846
2026-02-01 21:00:00+00:00,52766
2026-02-01 22:00:00+00:00,51682
2026-02-01 23:00:00+00:00,51650
2026-02-02 00:00:00+00:00,53315
2026-02-02 01:00:00+00:00,56459
2026-02-02 02:00:00+00:00,58198
2026-02-02 03:00:00+00:00,59040
2026-02-02 04:00:00+00:00,59041
2026-02-02 05:00:00+00:00,57685
2026-02-02 06:00:00+00:00,56178
2026-02-02 07:00:00+00:00,55173
2026-02-02 08:00:00+00:00,54664
2026-02-02 09:00:00+00:00,55104
2026-02-02 10:00:00+00:00,55752
2026-02-02 11:00:00+00:00,57182
2026-02-02 12:00:00+00:00,60077
2026-02-02 13:00:00+00:00,64018
2026-02-02 14:00:00+00:00,64979
2026-02-02 15:00:00+00:00,62542
2026-02-02 16:00:00+00:00,59248
2026-02-02 17:00:00+00:00,56354
2026-02-02 18:00:00+00:00,53865
2026-02-02 19:00:00+00:00,51907
2026-02-02 20:00:00+00:00,50754
2026-02-02 21:00:00+00:00,49978
2026-02-02 22:00:00+00:00,49657
2026-02-02 23:00:00+00:00,50172
2026-02-03 00:00:00+00:00,51165
2026-02-03 01:00:00+00:00,52951
2026-02-03 02:00:00+00:00,53281
2026-02-03 03:00:00+00:00,52644
2026-02-03 04:00:00+00:00,51466
2026-02-03 05:00:00+00:00,49399
2026-02-03 06:00:00+00:00,47227
2026-02-03 07:00:00+00:00,45625
2026-02-03 08:00:00+00:00,44554
2026-02-03 09:00:00+00:00,43988
2026-02-03 10:00:00+00:00,43881
2026-02-03 11:00:00+00:00,44361
2026-02-03 12:00:00+00:00,46469
2026-02-03 13:00:00+00:00,49713
2026-02-03 14:00:00+00:00,50928
2026-02-03 15:00:00+00:00,50806
2026-02-03 16:00:00+00:00,50734
2026-02-03 17:00:00+00:00,50502
2026-02-03 18:00:00+00:00,50207
2026-02-03 19:00:00+00:00,49823
2026-02-03 20:00:00+00:00,49421
2026-02-03 21:00:00+00:00,49027
2026-02-03 22:00:00+00:00,48776
2026-02-03 23:00:00+00:00,49232
2026-02-04 00:00:00+00:00,49958
2026-02-04 01:00:00+00:00,51482
2026-02-04 02:00:00+00:00,51927
2026-02-04 03:00:00+00:00,51656
2026-02-04 04:00:00+00:00,50529
2026-02-04 05:00:00+00:00,48546
2026-02-04 06:00:00+00:00,46528
2026-02-04 07:00:00+00:00,45267
2026-02-04 08:00:00+00:00,44784
2026-02-04 09:00:00+00:00,44660
2026-02-04 10:00:00+00:00,45107
2026-02-04 11:00:00+00:00,46597
2026-02-04 12:00:00+00:00,49676
2026-02-04 13:00:00+00:00,53851
2026-02-04 14:00:00+00:00,55788
2026-02-04 15:00:00+00:00,54857
2026-02-04 16:00:00+00:00,53503
2026-02-04 17:00:00+00:00,52434
2026-02-04 18:00:00+00:00,51380
2026-02-04 19:00:00+00:00,50390
2026-02-04 20:00:00+00:00,49545
2026-02-04 21:00:00+00:00,48965
2026-02-04 22:00:00+00:00,48888
2026-02-04 23:00:00+00:00,49465
2026-02-05 00:00:00+00:00,50823
2026-02-05 01:00:00+00:00,53169
2026-02-05 02:00:00+00:00,54119
2026-02-05 03:00:00+00:00,54339
2026-02-05 04:00:00+00:00,53818
2026-02-05 05:00:00+00:00,51976
2026-02-05 06:00:00+00:00,50379
2026-02-05 07:00:00+00:00,49631
2026-02-05 08:00:00+00:00,49645
2026-02-05 09:00:00+00:00,50010
2026-02-05 10:00:00+00:00,50885
2026-02-05 11:00:00+00:00,52441
2026-02-05 12:00:00+00:00,55465
2026-02-05 13:00:00+00:00,59860
2026-02-05 14:00:00+00:00,61558
2026-02-05 15:00:00+00:00,59200
2026-02-05 16:00:00+00:00,56328
2026-02-05 17:00:00+00:00,53677
2026-02-05 18:00:00+00:00,51407
2026-02-05 19:00:00+00:00,49733
2026-02-05 20:00:00+00:00,48656
2026-02-05 21:00:00+00:00,48248
2026-02-05 22:00:00+00:00,48012
2026-02-05 23:00:00+00:00,48284
2026-02-06 00:00:00+00:00,49171
2026-02-06 01:00:00+00:00,51005
2026-02-06 02:00:00+00:00,51743
2026-02-06 03:00:00+00:00,51783
2026-02-06 04:00:00+00:00,51062
2026-02-06 05:00:00+00:00,49524
2026-02-06 06:00:00+00:00,47744
2026-02-06 07:00:00+00:00,46384
2026-02-06 08:00:00+00:00,45753
2026-02-06 09:00:00+00:00,45839
2026-02-06 10:00:00+00:00,46331
2026-02-06 11:00:00+00:00,47477
2026-02-06 12:00:00+00:00,50078
2026-02-06 13:00:00+00:00,53787
2026-02-06 14:00:00+00:00,55094
2026-02-06 15:00:00+00:00,54290
2026-02-06 16:00:00+00:00,52587
2026-02-06 17:00:00+00:00,50732
2026-02-06 18:00:00+00:00,49439
2026-02-06 19:00:00+00:00,48558
2026-02-06 20:00:00+00:00,48598
2026-02-06 21:00:00+00:00,48870
2026-02-06 22:00:00+00:00,49456
2026-02-06 23:00:00+00:00,50113
2026-02-07 00:00:00+00:00,50337
2026-02-07 01:00:00+00:00,50354
2026-02-07 02:00:00+00:00,49593
2026-02-07 03:00:00+00:00,48648
2026-02-07 04:00:00+00:00,47606
2026-02-07 05:00:00+00:00,46221
2026-02-07 06:00:00+00:00,44633
2026-02-07 07:00:00+00:00,43318
2026-02-07 08:00:00+00:00,42527
2026-02-07 09:00:00+00:00,42128
2026-02-07 10:00:00+00:00,42341
2026-02-07 11:00:00+00:00,43069
2026-02-07 12:00:00+00:00,44558
2026-02-07 13:00:00+00:00,46486
2026-02-07 14:00:00+00:00,47967
2026-02-07 15:00:00+00:00,48983
2026-02-07 16:00:00+00:00,48626
2026-02-07 17:00:00+00:00,47860
2026-02-07 18:00:00+00:00,47160
2026-02-07 19:00:00+00:00,46808
2026-02-07 20:00:00+00:00,46934
2026-02-07 21:00:00+00:00,47428
2026-02-07 22:00:00+00:00,48081
2026-02-07 23:00:00+00:00,48558
2026-02-08 00:00:00+00:00,48608
2026-02-08 01:00:00+00:00,48939
2026-02-08 02:00:00+00:00,48774
2026-02-08 03:00:00+00:00,48147
2026-02-08 04:00:00+00:00,47343
2026-02-08 05:00:00+00:00,46084
2026-02-08 06:00:00+00:00,44677
2026-02-08 07:00:00+00:00,43334
2026-02-08 08:00:00+00:00,42431
2026-02-08 09:00:00+00:00,41835
2026-02-08 10:00:00+00:00,41365
2026-02-08 11:00:00+00:00,41705
2026-02-08 12:00:00+00:00,42216
2026-02-08 13:00:00+00:00,43223
2026-02-08 14:00:00+00:00,44459
2026-02-08 15:00:00+00:00,45747
2026-02-08 16:00:00+00:00,46771
2026-02-08 17:00:00+00:00,46864
2026-02-08 18:00:00+00:00,46766
2026-02-08 19:00:00+00:00,47056
2026-02-08 20:00:00+00:00,47545
2026-02-08 21:00:00+00:00,48189
2026-02-08 22:00:00+00:00,48917
2026-02-08 23:00:00+00:00,49924
2026-02-09 00:00:00+00:00,50172
2026-02-09 01:00:00+00:00,50048
2026-02-09 02:00:00+00:00,49144
2026-02-09 03:00:00+00:00,47960
2026-02-09 04:00:00+00:00,47219
2026-02-09 05:00:00+00:00,45965
2026-02-09 06:00:00+00:00,43672
2026-02-09 07:00:00+00:00,41962
2026-02-09 08:00:00+00:00,40743
2026-02-09 09:00:00+00:00,40134
2026-02-09 10:00:00+00:00,40153
2026-02-09 11:00:00+00:00,40868
2026-02-09 12:00:00+00:00,42805
2026-02-09 13:00:00+00:00,46129
2026-02-09 14:00:00+00:00,47781
2026-02-09 15:00:00+00:00,48016
2026-02-09 16:00:00+00:00,48374
2026-02-09 17:00:00+00:00,48912
2026-02-09 18:00:00+00:00,49012
2026-02-09 19:00:00+00:00,49709
2026-02-09 20:00:00+00:00,50840
2026-02-09 21:00:00+00:00,51841
2026-02-09 22:00:00+00:00,52416
2026-02-09 23:00:00+00:00,53466
2026-02-10 00:00:00+00:00,53439
2026-02-10 01:00:00+00:00,53356
2026-02-10 02:00:00+00:00,52679
2026-02-10 03:00:00+00:00,51689
2026-02-10 04:00:00+00:00,50562
2026-02-10 05:00:00+00:00,48380
2026-02-10 06:00:00+00:00,45720
2026-02-10 07:00:00+00:00,43678
2026-02-10 08:00:00+00:00,42346
2026-02-10 09:00:00+00:00,41553
2026-02-10 10:00:00+00:00,41379
2026-02-10 11:00:00+00:00,41877
2026-02-10 12:00:00+00:00,43465
2026-02-10 13:00:00+00:00,46591
2026-02-10 14:00:00+00:00,47882
2026-02-10 15:00:00+00:00,48347
2026-02-10 16:00:00+00:00,48640
2026-02-10 17:00:00+00:00,49094
2026-02-10 18:00:00+00:00,49645
2026-02-10 19:00:00+00:00,49879
2026-02-10 20:00:00+00:00,50075
2026-02-10 21:00:00+00:00,50118
2026-02-10 22:00:00+00:00,50210
2026-02-10 23:00:00+00:00,50499
2026-02-11 00:00:00+00:00,51311
2026-02-11 01:00:00+00:00,52293
2026-02-11 02:00:00+00:00,52138
2026-02-11 03:00:00+00:00,51297
2026-02-11 04:00:00+00:00,49951
2026-02-11 05:00:00+00:00,47625
2026-02-11 06:00:00+00:00,45308
2026-02-11 07:00:00+00:00,43709
2026-02-11 08:00:00+00:00,42582
2026-02-11 09:00:00+00:00,41904
2026-02-11 10:00:00+00:00,41764
2026-02-11 11:00:00+00:00,42768
2026-02-11 12:00:00+00:00,44713
2026-02-11 13:00:00+00:00,48033
2026-02-11 14:00:00+00:00,49541
2026-02-11 15:00:00+00:00,49802
2026-02-11 16:00:00+00:00,49730
2026-02-11 17:00:00+00:00,49324
2026-02-11 18:00:00+00:00,49079
2026-02-11 19:00:00+00:00,48999
2026-02-11 20:00:00+00:00,49216
2026-02-11 21:00:00+00:00,49836
2026-02-11 22:00:00+00:00,50443
2026-02-11 23:00:00+00:00,51240
2026-02-12 00:00:00+00:00,51635
2026-02-12 01:00:00+00:00,52292
2026-02-12 02:00:00+00:00,52324
2026-02-12 03:00:00+00:00,51557
2026-02-12 04:00:00+00:00,50243
2026-02-12 05:00:00+00:00,47970
2026-02-12 06:00:00+00:00,45659
2026-02-12 07:00:00+00:00,43814
2026-02-12 08:00:00+00:00,42873
2026-02-12 09:00:00+00:00,42343
2026-02-12 10:00:00+00:00,42340
2026-02-12 11:00:00+00:00,43305
2026-02-12 12:00:00+00:00,45556
2026-02-12 13:00:00+00:00,48769
2026-02-12 14:00:00+00:00,50200
2026-02-12 15:00:00+00:00,50079
2026-02-12 16:00:00+00:00,49593
2026-02-12 17:00:00+00:00,49174
2026-02-12 18:00:00+00:00,49056
2026-02-12 19:00:00+00:00,49398
2026-02-12 20:00:00+00:00,50290
2026-02-12 21:00:00+00:00,51075
2026-02-12 22:00:00+00:00,51663
2026-02-12 23:00:00+00:00,52344
2026-02-13 00:00:00+00:00,52453
2026-02-13 01:00:00+00:00,52660
2026-02-13 02:00:00+00:00,52477
2026-02-13 03:00:00+00:00,51605
2026-02-13 04:00:00+00:00,50209
2026-02-13 05:00:00+00:00,48037
2026-02-13 06:00:00+00:00,45694
2026-02-13 07:00:00+00:00,43688
2026-02-13 08:00:00+00:00,42495
2026-02-13 09:00:00+00:00,41802
2026-02-13 10:00:00+00:00,41664
2026-02-13 11:00:00+00:00,41994
2026-02-13 12:00:00+00:00,43760
2026-02-13 13:00:00+00:00,46439
2026-02-13 14:00:00+00:00,47565
2026-02-13 15:00:00+00:00,48314
2026-02-13 16:00:00+00:00,49153
2026-02-13 17:00:00+00:00,49961
2026-02-13 18:00:00+00:00,50624
2026-02-13 19:00:00+00:00,51353
2026-02-13 20:00:00+00:00,52418
2026-02-13 21:00:00+00:00,53010
2026-02-13 22:00:00+00:00,53157
2026-02-13 23:00:00+00:00,52982
2026-02-14 00:00:00+00:00,52424
2026-02-14 01:00:00+00:00,52367
2026-02-14 02:00:00+00:00,51848
2026-02-14 03:00:00+00:00,51167
2026-02-14 04:00:00+00:00,50167
2026-02-14 05:00:00+00:00,48522
2026-02-14 06:00:00+00:00,46534
2026-02-14 07:00:00+00:00,44960
2026-02-14 08:00:00+00:00,43920
2026-02-14 09:00:00+00:00,42791
2026-02-14 10:00:00+00:00,42141
2026-02-14 11:00:00+00:00,42013
2026-02-14 12:00:00+00:00,42350
2026-02-14 13:00:00+00:00,43230
2026-02-14 14:00:00+00:00,44373
2026-02-14 15:00:00+00:00,46018
2026-02-14 16:00:00+00:00,47863
2026-02-14 17:00:00+00:00,49033
2026-02-14 18:00:00+00:00,50109
2026-02-14 19:00:00+00:00,50639
2026-02-14 20:00:00+00:00,50200
2026-02-14 21:00:00+00:00,49754
2026-02-14 22:00:00+00:00,49569
2026-02-14 23:00:00+00:00,49411
2026-02-15 00:00:00+00:00,49608
2026-02-15 01:00:00+00:00,49946
2026-02-15 02:00:00+00:00,49244
2026-02-15 03:00:00+00:00,48616
2026-02-15 04:00:00+00:00,47605
2026-02-15 05:00:00+00:00,46425
2026-02-15 06:00:00+00:00,44946
2026-02-15 07:00:00+00:00,43585
2026-02-15 08:00:00+00:00,42474
2026-02-15 09:00:00+00:00,41772
2026-02-15 10:00:00+00:00,41243
2026-02-15 11:00:00+00:00,41137
2026-02-15 12:00:00+00:00,41595
2026-02-15 13:00:00+00:00,42591
2026-02-15 14:00:00+00:00,43487
2026-02-15 15:00:00+00:00,44729
2026-02-15 16:00:00+00:00,45932
2026-02-15 17:00:00+00:00,46415
2026-02-15 18:00:00+00:00,46541
2026-02-15 19:00:00+00:00,46568
2026-02-15 20:00:00+00:00,46763
2026-02-15 21:00:00+00:00,47136
2026-02-15 22:00:00+00:00,47840
2026-02-15 23:00:00+00:00,48529
2026-02-16 00:00:00+00:00,49075
2026-02-16 01:00:00+00:00,49720
2026-02-16 02:00:00+00:00,49865
2026-02-16 03:00:00+00:00,49054
2026-02-16 04:00:00+00:00,47940
2026-02-16 05:00:00+00:00,46246
2026-02-16 06:00:00+00:00,44255
2026-02-16 07:00:00+00:00,42783
2026-02-16 08:00:00+00:00,41871
2026-02-16 09:00:00+00:00,41564
2026-02-16 10:00:00+00:00,41739
2026-02-16 11:00:00+00:00,42551
2026-02-16 12:00:00+00:00,44714
2026-02-16 13:00:00+00:00,47517
2026-02-16 14:00:00+00:00,49110
2026-02-16 15:00:00+00:00,49048
2026-02-16 16:00:00+00:00,49130
2026-02-16 17:00:00+00:00,48938
2026-02-16 18:00:00+00:00,48882
2026-02-16 19:00:00+00:00,49123
2026-02-16 20:00:00+00:00,49732
2026-02-16 21:00:00+00:00,50464
2026-02-16 22:00:00+00:00,51509
2026-02-16 23:00:00+00:00,52299
2026-02-17 00:00:00+00:00,52605
2026-02-17 01:00:00+00:00,52987
2026-02-17 02:00:00+00:00,53020
2026-02-17 03:00:00+00:00,51993
2026-02-17 04:00:00+00:00,50350
2026-02-17 05:00:00+00:00,48012
2026-02-17 06:00:00+00:00,45540
2026-02-17 07:00:00+00:00,43634
2026-02-17 08:00:00+00:00,42599
2026-02-17 09:00:00+00:00,42004
2026-02-17 10:00:00+00:00,41918
2026-02-17 11:00:00+00:00,42668
2026-02-17 12:00:00+00:00,44665
2026-02-17 13:00:00+00:00,47635
2026-02-17 14:00:00+00:00,48805
2026-02-17 15:00:00+00:00,48917
2026-02-17 16:00:00+00:00,48948
2026-02-17 17:00:00+00:00,49122
2026-02-17 18:00:00+00:00,49475
2026-02-17 19:00:00+00:00,50180
2026-02-17 20:00:00+00:00,51359
2026-02-17 21:00:00+00:00,52069
2026-02-17 22:00:00+00:00,53206
2026-02-17 23:00:00+00:00,54101
2026-02-18 00:00:00+00:00,54229
2026-02-18 01:00:00+00:00,54659
2026-02-18 02:00:00+00:00,54579
2026-02-18 03:00:00+00:00,53358
2026-02-18 04:00:00+00:00,51731
2026-02-18 05:00:00+00:00,49187
2026-02-18 06:00:00+00:00,46440
2026-02-18 07:00:00+00:00,44384
2026-02-18 08:00:00+00:00,43069
2026-02-18 09:00:00+00:00,42161
2026-02-18 10:00:00+00:00,41820
2026-02-18 11:00:00+00:00,42127
2026-02-18 12:00:00+00:00,43855
2026-02-18 13:00:00+00:00,46675
2026-02-18 14:00:00+00:00,47670
2026-02-18 15:00:00+00:00,48231
2026-02-18 16:00:00+00:00,48831
2026-02-18 17:00:00+00:00,49897
2026-02-18 18:00:00+00:00,50622
2026-02-18 19:00:00+00:00,51473
2026-02-18 20:00:00+00:00,52404
2026-02-18 21:00:00+00:00,53004
2026-02-18 22:00:00+00:00,53475
2026-02-18 23:00:00+00:00,53923
2026-02-19 00:00:00+00:00,53889
2026-02-19 01:00:00+00:00,54518
2026-02-19 02:00:00+00:00,54608
2026-02-19 03:00:00+00:00,53562
2026-02-19 04:00:00+00:00,52106
2026-02-19 05:00:00+00:00,49655
2026-02-19 06:00:00+00:00,47246
2026-02-19 07:00:00+00:00,45358
2026-02-19 08:00:00+00:00,44154
2026-02-19 09:00:00+00:00,43568
2026-02-19 10:00:00+00:00,43474
2026-02-19 11:00:00+00:00,43748
2026-02-19 12:00:00+00:00,45331
2026-02-19 13:00:00+00:00,48136
2026-02-19 14:00:00+00:00,49274
2026-02-19 15:00:00+00:00,49614
2026-02-19 16:00:00+00:00,50482
2026-02-19 17:00:00+00:00,51035
2026-02-19 18:00:00+00:00,51862
2026-02-19 19:00:00+00:00,52641
2026-02-19 20:00:00+00:00,53773
2026-02-19 21:00:00+00:00,54774
2026-02-19 22:00:00+00:00,55523
2026-02-19 23:00:00+00:00,56024
2026-02-20 00:00:00+00:00,55496
2026-02-20 01:00:00+00:00,54886
2026-02-20 02:00:00+00:00,54432
2026-02-20 03:00:00+00:00,52702
2026-02-20 04:00:00+00:00,51108
2026-02-20 05:00:00+00:00,48909
2026-02-20 06:00:00+00:00,46391
2026-02-20 07:00:00+00:00,44504
2026-02-20 08:00:00+00:00,43433
2026-02-20 09:00:00+00:00,42719
2026-02-20 10:00:00+00:00,42628
2026-02-20 11:00:00+00:00,43510
2026-02-20 12:00:00+00:00,45731
2026-02-20 13:00:00+00:00,48743
2026-02-20 14:00:00+00:00,50411
2026-02-20 15:00:00+00:00,51040
2026-02-20 16:00:00+00:00,51759
2026-02-20 17:00:00+00:00,52096
2026-02-20 18:00:00+00:00,52474
2026-02-20 19:00:00+00:00,52533
2026-02-20 20:00:00+00:00,52909
2026-02-20 21:00:00+00:00,52968
2026-02-20 22:00:00+00:00,53072
2026-02-20 23:00:00+00:00,53295
2026-02-21 00:00:00+00:00,53247
2026-02-21 01:00:00+00:00,53099
2026-02-21 02:00:00+00:00,52626
2026-02-21 03:00:00+00:00,51500
2026-02-21 04:00:00+00:00,50046
2026-02-21 05:00:00+00:00,48531
2026-02-21 06:00:00+00:00,46682
2026-02-21 07:00:00+00:00,44991
2026-02-21 08:00:00+00:00,43819
2026-02-21 09:00:00+00:00,43050
2026-02-21 10:00:00+00:00,42594
2026-02-21 11:00:00+00:00,42783
2026-02-21 12:00:00+00:00,43566
2026-02-21 13:00:00+00:00,45008
2026-02-21 14:00:00+00:00,46421
2026-02-21 15:00:00+00:00,48041
2026-02-21 16:00:00+00:00,48815
2026-02-21 17:00:00+00:00,49233
2026-02-21 18:00:00+00:00,49680
2026-02-21 19:00:00+00:00,49912
2026-02-21 20:00:00+00:00,49930
2026-02-21 21:00:00+00:00,50115
2026-02-21 22:00:00+00:00,50384
2026-02-21 23:00:00+00:00,50179
2026-02-22 00:00:00+00:00,50211
2026-02-22 01:00:00+00:00,50529
2026-02-22 02:00:00+00:00,50578
2026-02-22 03:00:00+00:00,49990
2026-02-22 04:00:00+00:00,49290
2026-02-22 05:00:00+00:00,48386
2026-02-22 06:00:00+00:00,47157
2026-02-22 07:00:00+00:00,45960
2026-02-22 08:00:00+00:00,45108
2026-02-22 09:00:00+00:00,44663
2026-02-22 10:00:00+00:00,44590
2026-02-22 11:00:00+00:00,44886
2026-02-22 12:00:00+00:00,45964
2026-02-22 13:00:00+00:00,47470
2026-02-22 14:00:00+00:00,48724
2026-02-22 15:00:00+00:00,49681
2026-02-22 16:00:00+00:00,49513
2026-02-22 17:00:00+00:00,48820
2026-02-22 18:00:00+00:00,47665
2026-02-22 19:00:00+00:00,46894
2026-02-22 20:00:00+00:00,46346
2026-02-22 21:00:00+00:00,45869
2026-02-22 22:00:00+00:00,46081
2026-02-22 23:00:00+00:00,46810
2026-02-23 00:00:00+00:00,47881
2026-02-23 01:00:00+00:00,49830
2026-02-23 02:00:00+00:00,51042
2026-02-23 03:00:00+00:00,51122
2026-02-23 04:00:00+00:00,50634
2026-02-23 05:00:00+00:00,49299
2026-02-23 06:00:00+00:00,47882
2026-02-23 07:00:00+00:00,46768
2026-02-23 08:00:00+00:00,46564
2026-02-23 09:00:00+00:00,46749
2026-02-23 10:00:00+00:00,47425
2026-02-23 11:00:00+00:00,49060
2026-02-23 12:00:00+00:00,52084
2026-02-23 13:00:00+00:00,56503
2026-02-23 14:00:00+00:00,57967
2026-02-23 15:00:00+00:00,56385
2026-02-23 16:00:00+00:00,54473
2026-02-23 17:00:00+00:00,52661
2026-02-23 18:00:00+00:00,50891
2026-02-23 19:00:00+00:00,49612
2026-02-23 20:00:00+00:00,48788
2026-02-23 21:00:00+00:00,48252
2026-02-23 22:00:00+00:00,48086
2026-02-23 23:00:00+00:00,48579
2026-02-24 00:00:00+00:00,49579
2026-02-24 01:00:00+00:00,51233
2026-02-24 02:00:00+00:00,52574
2026-02-24 03:00:00+00:00,52835
2026-02-24 04:00:00+00:00,51994
2026-02-24 05:00:00+00:00,50233
2026-02-24 06:00:00+00:00,48594
2026-02-24 07:00:00+00:00,47759
2026-02-24 08:00:00+00:00,47407
2026-02-24 09:00:00+00:00,47428
2026-02-24 10:00:00+00:00,47855
2026-02-24 11:00:00+00:00,49316
2026-02-24 12:00:00+00:00,52121
2026-02-24 13:00:00+00:00,56208
2026-02-24 14:00:00+00:00,56930
2026-02-24 15:00:00+00:00,55126
2026-02-24 16:00:00+00:00,53077
2026-02-24 17:00:00+00:00,51239
2026-02-24 18:00:00+00:00,49763
2026-02-24 19:00:00+00:00,48860
2026-02-24 20:00:00+00:00,48392
2026-02-24 21:00:00+00:00,48364
2026-02-24 22:00:00+00:00,48408
2026-02-24 23:00:00+00:00,49157
2026-02-25 00:00:00+00:00,50139
2026-02-25 01:00:00+00:00,51408
2026-02-25 02:00:00+00:00,52077
2026-02-25 03:00:00+00:00,51284
2026-02-25 04:00:00+00:00,49946
2026-02-25 05:00:00+00:00,47922
2026-02-25 06:00:00+00:00,45665
2026-02-25 07:00:00+00:00,43976
2026-02-25 08:00:00+00:00,42913
2026-02-25 09:00:00+00:00,42368
2026-02-25 10:00:00+00:00,42430
2026-02-25 11:00:00+00:00,43288
2026-02-25 12:00:00+00:00,45278
2026-02-25 13:00:00+00:00,48139
2026-02-25 14:00:00+00:00,49000
2026-02-25 15:00:00+00:00,48931
2026-02-25 16:00:00+00:00,48948
2026-02-25 17:00:00+00:00,48889
2026-02-25 18:00:00+00:00,49118
2026-02-25 19:00:00+00:00,49666
2026-02-25 20:00:00+00:00,50551
2026-02-25 21:00:00+00:00,51712
2026-02-25 22:00:00+00:00,52984
2026-02-25 23:00:00+00:00,53945
2026-02-26 00:00:00+00:00,54265
2026-02-26 01:00:00+00:00,54246
2026-02-26 02:00:00+00:00,53975
2026-02-26 03:00:00+00:00,52594
2026-02-26 04:00:00+00:00,50753
2026-02-26 05:00:00+00:00,48705
2026-02-26 06:00:00+00:00,46865
2026-02-26 07:00:00+00:00,44665
2026-02-26 08:00:00+00:00,43174
2026-02-26 09:00:00+00:00,42218
2026-02-26 10:00:00+00:00,41985
2026-02-26 11:00:00+00:00,42599
2026-02-26 12:00:00+00:00,44521
2026-02-26 13:00:00+00:00,47491
2026-02-26 14:00:00+00:00,48477
2026-02-26 15:00:00+00:00,49176
2026-02-26 16:00:00+00:00,49917
2026-02-26 17:00:00+00:00,50741
2026-02-26 18:00:00+00:00,51670
2026-02-26 19:00:00+00:00,52990
2026-02-26 20:00:00+00:00,54447
2026-02-26 21:00:00+00:00,55918
2026-02-26 22:00:00+00:00,57239
2026-02-26 23:00:00+00:00,58032
2026-02-27 00:00:00+00:00,57482
2026-02-27 01:00:00+00:00,56484
2026-02-27 02:00:00+00:00,55892
2026-02-27 03:00:00+00:00,54597
2026-02-27 04:00:00+00:00,52822
2026-02-27 05:00:00+00:00,50070
2026-02-27 06:00:00+00:00,47340
2026-02-27 07:00:00+00:00,45113
2026-02-27 08:00:00+00:00,43406
2026-02-27 09:00:00+00:00,42437
2026-02-27 10:00:00+00:00,41824
2026-02-27 11:00:00+00:00,42411
2026-02-27 12:00:00+00:00,44099
2026-02-27 13:00:00+00:00,46779
2026-02-27 14:00:00+00:00,47948
2026-02-27 15:00:00+00:00,48628
2026-02-27 16:00:00+00:00,49320
2026-02-27 17:00:00+00:00,50388
2026-02-27 18:00:00+00:00,51676
2026-02-27 19:00:00+00:00,53022
2026-02-27 20:00:00+00:00,54623
2026-02-27 21:00:00+00:00,56321
2026-02-27 22:00:00+00:00,57685
2026-02-27 23:00:00+00:00,58283
2026-02-28 00:00:00+00:00,57700
2026-02-28 01:00:00+00:00,55680
2026-02-28 02:00:00+00:00,54525
2026-02-28 03:00:00+00:00,52790
2026-02-28 04:00:00+00:00,51372
2026-02-28 05:00:00+00:00,49261
2026-02-28 06:00:00+00:00,46868
2026-02-28 07:00:00+00:00,45016
2026-02-28 08:00:00+00:00,43543
2026-02-28 09:00:00+00:00,42477
2026-02-28 10:00:00+00:00,41949
2026-02-28 11:00:00+00:00,41710
2026-02-28 12:00:00+00:00,42008
2026-02-28 13:00:00+00:00,43081
2026-02-28 14:00:00+00:00,44202
2026-02-28 15:00:00+00:00,45761
2026-02-28 16:00:00+00:00,46950
2026-02-28 17:00:00+00:00,48230
2026-02-28 18:00:00+00:00,49716
2026-02-28 19:00:00+00:00,51240
2026-02-28 20:00:00+00:00,52867
2026-02-28 21:00:00+00:00,54531
2026-02-28 22:00:00+00:00,55808
2026-02-28 23:00:00+00:00,56531
2026-03-01 00:00:00+00:00,56076
2026-03-01 01:00:00+00:00,54751
2026-03-01 02:00:00+00:00,53825
2026-03-01 03:00:00+00:00,52360
2026-03-01 04:00:00+00:00,50798
2026-03-01 05:00:00+00:00,49001
2026-03-01 06:00:00+00:00,46945
2026-03-01 07:00:00+00:00,45196
2026-03-01 08:00:00+00:00,43637
2026-03-01 09:00:00+00:00,42562
2026-03-01 10:00:00+00:00,41714
2026-03-01 11:00:00+00:00,41653
2026-03-01 12:00:00+00:00,41781
2026-03-01 13:00:00+00:00,42292
2026-03-01 14:00:00+00:00,42633
2026-03-01 15:00:00+00:00,44495
2026-03-01 16:00:00+00:00,46557
2026-03-01 17:00:00+00:00,48184
2026-03-01 18:00:00+00:00,49615
2026-03-01 19:00:00+00:00,51111
2026-03-01 20:00:00+00:00,52756
2026-03-01 21:00:00+00:00,54085
2026-03-01 22:00:00+00:00,55370
2026-03-01 23:00:00+00:00,56235
2026-03-02 00:00:00+00:00,56187
2026-03-02 01:00:00+00:00,55363
2026-03-02 02:00:00+00:00,54926
2026-03-02 03:00:00+00:00,53848
2026-03-02 04:00:00+00:00,52236
2026-03-02 05:00:00+00:00,49589
2026-03-02 06:00:00+00:00,46581
2026-03-02 07:00:00+00:00,44355
2026-03-02 08:00:00+00:00,42996
2026-03-02 09:00:00+00:00,42233
2026-03-02 10:00:00+00:00,42080
2026-03-02 11:00:00+00:00,42749
2026-03-02 12:00:00+00:00,44307
2026-03-02 13:00:00+00:00,46707
2026-03-02 14:00:00+00:00,47243
2026-03-02 15:00:00+00:00,48652
2026-03-02 16:00:00+00:00,49896
2026-03-02 17:00:00+00:00,51019
2026-03-02 18:00:00+00:00,52014
2026-03-02 19:00:00+00:00,53507
2026-03-02 20:00:00+00:00,55412
2026-03-02 21:00:00+00:00,57052
2026-03-02 22:00:00+00:00,58474
2026-03-02 23:00:00+00:00,59484
2026-03-03 00:00:00+00:00,59203
2026-03-03 01:00:00+00:00,57780
2026-03-03 02:00:00+00:00,57269
2026-03-03 03:00:00+00:00,55958
2026-03-03 04:00:00+00:00,53985
2026-03-03 05:00:00+00:00,51082
2026-03-03 06:00:00+00:00,48240
2026-03-03 07:00:00+00:00,46195
2026-03-03 08:00:00+00:00,44698
2026-03-03 09:00:00+00:00,43777
2026-03-03 10:00:00+00:00,43428
2026-03-03 11:00:00+00:00,43859
2026-03-03 12:00:00+00:00,45603
2026-03-03 13:00:00+00:00,48402
2026-03-03 14:00:00+00:00,49255
2026-03-03 15:00:00+00:00,50081
2026-03-03 16:00:00+00:00,51414
2026-03-03 17:00:00+00:00,52686
2026-03-03 18:00:00+00:00,54034
2026-03-03 19:00:00+00:00,55696
2026-03-03 20:00:00+00:00,57485
2026-03-03 21:00:00+00:00,59325
2026-03-03 22:00:00+00:00,60822
2026-03-03 23:00:00+00:00,61647
2026-03-04 00:00:00+00:00,61001
2026-03-04 01:00:00+00:00,59360
2026-03-04 02:00:00+00:00,58893
2026-03-04 03:00:00+00:00,57640
2026-03-04 04:00:00+00:00,55890
2026-03-04 05:00:00+00:00,53094
2026-03-04 06:00:00+00:00,50048
2026-03-04 07:00:00+00:00,47668
2026-03-04 08:00:00+00:00,45965
2026-03-04 09:00:00+00:00,44774
2026-03-04 10:00:00+00:00,44250
2026-03-04 11:00:00+00:00,44818
2026-03-04 12:00:00+00:00,46344
2026-03-04 13:00:00+00:00,49178
2026-03-04 14:00:00+00:00,50301
2026-03-04 15:00:00+00:00,51123
2026-03-04 16:00:00+00:00,52531
2026-03-04 17:00:00+00:00,54079
2026-03-04 18:00:00+00:00,55580
2026-03-04 19:00:00+00:00,56949
2026-03-04 20:00:00+00:00,58425
2026-03-04 21:00:00+00:00,59515
2026-03-04 22:00:00+00:00,60153
2026-03-04 23:00:00+00:00,60178
2026-03-05 00:00:00+00:00,59233
2026-03-05 01:00:00+00:00,58438
2026-03-05 02:00:00+00:00,58027
2026-03-05 03:00:00+00:00,56707
2026-03-05 04:00:00+00:00,54694
2026-03-05 05:00:00+00:00,52029
2026-03-05 06:00:00+00:00,49274
2026-03-05 07:00:00+00:00,47235
2026-03-05 08:00:00+00:00,45687
2026-03-05 09:00:00+00:00,44491
2026-03-05 10:00:00+00:00,43951
2026-03-05 11:00:00+00:00,44326
2026-03-05 12:00:00+00:00,45819
2026-03-05 13:00:00+00:00,48661
2026-03-05 14:00:00+00:00,50007
2026-03-05 15:00:00+00:00,51119
2026-03-05 16:00:00+00:00,52456
2026-03-05 17:00:00+00:00,54150
2026-03-05 18:00:00+00:00,55717
2026-03-05 19:00:00+00:00,57184
2026-03-05 20:00:00+00:00,58641
2026-03-05 21:00:00+00:00,59667
2026-03-05 22:00:00+00:00,60243
2026-03-05 23:00:00+00:00,60372
2026-03-06 00:00:00+00:00,59890
2026-03-06 01:00:00+00:00,59346
2026-03-06 02:00:00+00:00,59115
2026-03-06 03:00:00+00:00,57856
2026-03-06 04:00:00+00:00,56215
2026-03-06 05:00:00+00:00,53661
2026-03-06 06:00:00+00:00,50685
2026-03-06 07:00:00+00:00,48411
2026-03-06 08:00:00+00:00,46757
2026-03-06 09:00:00+00:00,45723
2026-03-06 10:00:00+00:00,45364
2026-03-06 11:00:00+00:00,45815
2026-03-06 12:00:00+00:00,47366
2026-03-06 13:00:00+00:00,49893
2026-03-06 14:00:00+00:00,51081
2026-03-06 15:00:00+00:00,52295
2026-03-06 16:00:00+00:00,53875
2026-03-06 17:00:00+00:00,55499
2026-03-06 18:00:00+00:00,57499
2026-03-06 19:00:00+00:00,58941
2026-03-06 20:00:00+00:00,60068
2026-03-06 21:00:00+00:00,60802
2026-03-06 22:00:00+00:00,60905
2026-03-06 23:00:00+00:00,60971
2026-03-07 00:00:00+00:00,60460
2026-03-07 01:00:00+00:00,58952
2026-03-07 02:00:00+00:00,58432
2026-03-07 03:00:00+00:00,57327
2026-03-07 04:00:00+00:00,56119
2026-03-07 05:00:00+00:00,54386
2026-03-07 06:00:00+00:00,52184
2026-03-07 07:00:00+00:00,49792
2026-03-07 08:00:00+00:00,48241
2026-03-07 09:00:00+00:00,47511
2026-03-07 10:00:00+00:00,46818
2026-03-07 11:00:00+00:00,46663
2026-03-07 12:00:00+00:00,46820
2026-03-07 13:00:00+00:00,47200
2026-03-07 14:00:00+00:00,47739
2026-03-07 15:00:00+00:00,49077
2026-03-07 16:00:00+00:00,50950
2026-03-07 17:00:00+00:00,52529
2026-03-07 18:00:00+00:00,53656
2026-03-07 19:00:00+00:00,54155
2026-03-07 20:00:00+00:00,54484
2026-03-07 21:00:00+00:00,54252
2026-03-07 22:00:00+00:00,53949
2026-03-07 23:00:00+00:00,53283
2026-03-08 00:00:00+00:00,52639
2026-03-08 01:00:00+00:00,52219
2026-03-08 02:00:00+00:00,51502
2026-03-08 03:00:00+00:00,50479
2026-03-08 04:00:00+00:00,49082
2026-03-08 05:00:00+00:00,47090
2026-03-08 06:00:00+00:00,45657
2026-03-08 07:00:00+00:00,44375
2026-03-08 08:00:00+00:00,43194
2026-03-08 09:00:00+00:00,42568
2026-03-08 10:00:00+00:00,42236
2026-03-08 11:00:00+00:00,42450
2026-03-08 12:00:00+00:00,43202
2026-03-08 13:00:00+00:00,44070
2026-03-08 14:00:00+00:00,44752
2026-03-08 15:00:00+00:00,45990
2026-03-08 16:00:00+00:00,46854
2026-03-08 17:00:00+00:00,47328
2026-03-08 18:00:00+00:00,47567
2026-03-08 19:00:00+00:00,47685
2026-03-08 20:00:00+00:00,47826
2026-03-08 21:00:00+00:00,48087
2026-03-08 22:00:00+00:00,48738
2026-03-08 23:00:00+00:00,49437
2026-03-09 00:00:00+00:00,49889
2026-03-09 01:00:00+00:00,50607
2026-03-09 02:00:00+00:00,51291
2026-03-09 03:00:00+00:00,50597
2026-03-09 04:00:00+00:00,48997
2026-03-09 05:00:00+00:00,46748
2026-03-09 06:00:00+00:00,44680
2026-03-09 07:00:00+00:00,43339
2026-03-09 08:00:00+00:00,42522
2026-03-09 09:00:00+00:00,42234
2026-03-09 10:00:00+00:00,42660
2026-03-09 11:00:00+00:00,44183
2026-03-09 12:00:00+00:00,46580
2026-03-09 13:00:00+00:00,48341
2026-03-09 14:00:00+00:00,48842
2026-03-09 15:00:00+00:00,49313
2026-03-09 16:00:00+00:00,50580
2026-03-09 17:00:00+00:00,52222
2026-03-09 18:00:00+00:00,53463
2026-03-09 19:00:00+00:00,54769
2026-03-09 20:00:00+00:00,55966
2026-03-09 21:00:00+00:00,57347
2026-03-09 22:00:00+00:00,58265
2026-03-09 23:00:00+00:00,58640
2026-03-10 00:00:00+00:00,58132
2026-03-10 01:00:00+00:00,57658
2026-03-10 02:00:00+00:00,57431
2026-03-10 03:00:00+00:00,56439
2026-03-10 04:00:00+00:00,54621
2026-03-10 05:00:00+00:00,51982
2026-03-10 06:00:00+00:00,49418
2026-03-10 07:00:00+00:00,47709
2026-03-10 08:00:00+00:00,46501
2026-03-10 09:00:00+00:00,45760
2026-03-10 10:00:00+00:00,45990
2026-03-10 11:00:00+00:00,47223
2026-03-10 12:00:00+00:00,49616
2026-03-10 13:00:00+00:00,51094
2026-03-10 14:00:00+00:00,51242
2026-03-10 15:00:00+00:00,52434
2026-03-10 16:00:00+00:00,54180
2026-03-10 17:00:00+00:00,55479
2026-03-10 18:00:00+00:00,56615
2026-03-10 19:00:00+00:00,57895
2026-03-10 20:00:00+00:00,59182
2026-03-10 21:00:00+00:00,60096
2026-03-10 22:00:00+00:00,60478
2026-03-10 23:00:00+00:00,60111
2026-03-11 00:00:00+00:00,59405
2026-03-11 01:00:00+00:00,59075
2026-03-11 02:00:00+00:00,58808
2026-03-11 03:00:00+00:00,57042
2026-03-11 04:00:00+00:00,53925
2026-03-11 05:00:00+00:00,50995
2026-03-11 06:00:00+00:00,48338
2026-03-11 07:00:00+00:00,46441
2026-03-11 08:00:00+00:00,45372
2026-03-11 09:00:00+00:00,44933
2026-03-11 10:00:00+00:00,44778
2026-03-11 11:00:00+00:00,45819
2026-03-11 12:00:00+00:00,47978
2026-03-11 13:00:00+00:00,49313
2026-03-11 14:00:00+00:00,49549
2026-03-11 15:00:00+00:00,50242
2026-03-11 16:00:00+00:00,51356
2026-03-11 17:00:00+00:00,52310
2026-03-11 18:00:00+00:00,53324
2026-03-11 19:00:00+00:00,53986
2026-03-11 20:00:00+00:00,54006
2026-03-11 21:00:00+00:00,54213
2026-03-11 22:00:00+00:00,54902
2026-03-11 23:00:00+00:00,55574
2026-03-12 00:00:00+00:00,55164
2026-03-12 01:00:00+00:00,54481
2026-03-12 02:00:00+00:00,54098
2026-03-12 03:00:00+00:00,52303
2026-03-12 04:00:00+00:00,49752
2026-03-12 05:00:00+00:00,46848
2026-03-12 06:00:00+00:00,44541
2026-03-12 07:00:00+00:00,43014
2026-03-12 08:00:00+00:00,41894
2026-03-12 09:00:00+00:00,41346
2026-03-12 10:00:00+00:00,41881
2026-03-12 11:00:00+00:00,43619
2026-03-12 12:00:00+00:00,46592
2026-03-12 13:00:00+00:00,48827
2026-03-12 14:00:00+00:00,49212
2026-03-12 15:00:00+00:00,49064
2026-03-12 16:00:00+00:00,48535
2026-03-12 17:00:00+00:00,47772
2026-03-12 18:00:00+00:00,47230
2026-03-12 19:00:00+00:00,47047
2026-03-12 20:00:00+00:00,46862
2026-03-12 21:00:00+00:00,47275
2026-03-12 22:00:00+00:00,47868
2026-03-12 23:00:00+00:00,48549
2026-03-13 00:00:00+00:00,49217
2026-03-13 01:00:00+00:00,49890
2026-03-13 02:00:00+00:00,50510
2026-03-13 03:00:00+00:00,49448
2026-03-13 04:00:00+00:00,47651
2026-03-13 05:00:00+00:00,45646
2026-03-13 06:00:00+00:00,44108
2026-03-13 07:00:00+00:00,43162
2026-03-13 08:00:00+00:00,42721
2026-03-13 09:00:00+00:00,42783
2026-03-13 10:00:00+00:00,43460
2026-03-13 11:00:00+00:00,45159
2026-03-13 12:00:00+00:00,47731
2026-03-13 13:00:00+00:00,49689
2026-03-13 14:00:00+00:00,49838
2026-03-13 15:00:00+00:00,49593
2026-03-13 16:00:00+00:00,48926
2026-03-13 17:00:00+00:00,48467
2026-03-13 18:00:00+00:00,48084
2026-03-13 19:00:00+00:00,48288
2026-03-13 20:00:00+00:00,48835
2026-03-13 21:00:00+00:00,49982
2026-03-13 22:00:00+00:00,51153
2026-03-13 23:00:00+00:00,51926
2026-03-14 00:00:00+00:00,51756
2026-03-14 01:00:00+00:00,50771
2026-03-14 02:00:00+00:00,50410
2026-03-14 03:00:00+00:00,49410
2026-03-14 04:00:00+00:00,47851
2026-03-14 05:00:00+00:00,45926
2026-03-14 06:00:00+00:00,43990
2026-03-14 07:00:00+00:00,42510
2026-03-14 08:00:00+00:00,41412
2026-03-14 09:00:00+00:00,40847
2026-03-14 10:00:00+00:00,40699
2026-03-14 11:00:00+00:00,41132
2026-03-14 12:00:00+00:00,42195
2026-03-14 13:00:00+00:00,43165
2026-03-14 14:00:00+00:00,44236
2026-03-14 15:00:00+00:00,46026
2026-03-14 16:00:00+00:00,46960
2026-03-14 17:00:00+00:00,47575
2026-03-14 18:00:00+00:00,48541
2026-03-14 19:00:00+00:00,49937
2026-03-14 20:00:00+00:00,51539
2026-03-14 21:00:00+00:00,53300
2026-03-14 22:00:00+00:00,55015
2026-03-14 23:00:00+00:00,55888
2026-03-15 00:00:00+00:00,55530
2026-03-15 01:00:00+00:00,54657
2026-03-15 02:00:00+00:00,54052
2026-03-15 03:00:00+00:00,52824
2026-03-15 04:00:00+00:00,51093
2026-03-15 05:00:00+00:00,49109
2026-03-15 06:00:00+00:00,47081
2026-03-15 07:00:00+00:00,45424
2026-03-15 08:00:00+00:00,44224
2026-03-15 09:00:00+00:00,43321
2026-03-15 10:00:00+00:00,42926
2026-03-15 11:00:00+00:00,42928
2026-03-15 12:00:00+00:00,43520
2026-03-15 13:00:00+00:00,44299
2026-03-15 14:00:00+00:00,45318
2026-03-15 15:00:00+00:00,47001
2026-03-15 16:00:00+00:00,48565
2026-03-15 17:00:00+00:00,50343
2026-03-15 18:00:00+00:00,52264
2026-03-15 19:00:00+00:00,54333
2026-03-15 20:00:00+00:00,55519
2026-03-15 21:00:00+00:00,56167
2026-03-15 22:00:00+00:00,56950
2026-03-15 23:00:00+00:00,57100
2026-03-16 00:00:00+00:00,56132
2026-03-16 01:00:00+00:00,54555
2026-03-16 02:00:00+00:00,53662
2026-03-16 03:00:00+00:00,51416
2026-03-16 04:00:00+00:00,48885
2026-03-16 05:00:00+00:00,46284
2026-03-16 06:00:00+00:00,44535
2026-03-16 07:00:00+00:00,43472
2026-03-16 08:00:00+00:00,43115
2026-03-16 09:00:00+00:00,43067
2026-03-16 10:00:00+00:00,44113
2026-03-16 11:00:00+00:00,46147
2026-03-16 12:00:00+00:00,49653
2026-03-16 13:00:00+00:00,52446
2026-03-16 14:00:00+00:00,53181
2026-03-16 15:00:00+00:00,54136
2026-03-16 16:00:00+00:00,53849
2026-03-16 17:00:00+00:00,53181
2026-03-16 18:00:00+00:00,52461
2026-03-16 19:00:00+00:00,51791
2026-03-16 20:00:00+00:00,51383
2026-03-16 21:00:00+00:00,51088
2026-03-16 22:00:00+00:00,50925
2026-03-16 23:00:00+00:00,51454
2026-03-17 00:00:00+00:00,52260
2026-03-17 01:00:00+00:00,53046
2026-03-17 02:00:00+00:00,53580
2026-03-17 03:00:00+00:00,52915
2026-03-17 04:00:00+00:00,52116
2026-03-17 05:00:00+00:00,50889
2026-03-17 06:00:00+00:00,49780
2026-03-17 07:00:00+00:00,49391
2026-03-17 08:00:00+00:00,49471
2026-03-17 09:00:00+00:00,49692
2026-03-17 10:00:00+00:00,50817
2026-03-17 11:00:00+00:00,53306
2026-03-17 12:00:00+00:00,56751
2026-03-17 13:00:00+00:00,58963
2026-03-17 14:00:00+00:00,58469
2026-03-17 15:00:00+00:00,56537
2026-03-17 16:00:00+00:00,54421
2026-03-17 17:00:00+00:00,52403
2026-03-17 18:00:00+00:00,50503
2026-03-17 19:00:00+00:00,49328
2026-03-17 20:00:00+00:00,48453
2026-03-17 21:00:00+00:00,47878
2026-03-17 22:00:00+00:00,47907
2026-03-17 23:00:00+00:00,48294
2026-03-18 00:00:00+00:00,48797
2026-03-18 01:00:00+00:00,49973
2026-03-18 02:00:00+00:00,51195
2026-03-18 03:00:00+00:00,50482
2026-03-18 04:00:00+00:00,48936
2026-03-18 05:00:00+00:00,46955
2026-03-18 06:00:00+00:00,45705
2026-03-18 07:00:00+00:00,44962
2026-03-18 08:00:00+00:00,44616
2026-03-18 09:00:00+00:00,44886
2026-03-18 10:00:00+00:00,45769
2026-03-18 11:00:00+00:00,47772
2026-03-18 12:00:00+00:00,50656
2026-03-18 13:00:00+00:00,52045
2026-03-18 14:00:00+00:00,51573
2026-03-18 15:00:00+00:00,51161
2026-03-18 16:00:00+00:00,50040
2026-03-18 17:00:00+00:00,48932
2026-03-18 18:00:00+00:00,47937
2026-03-18 19:00:00+00:00,47852
2026-03-18 20:00:00+00:00,47989
2026-03-18 21:00:00+00:00,48436
2026-03-18 22:00:00+00:00,49421
2026-03-18 23:00:00+00:00,50211
2026-03-19 00:00:00+00:00,50627
2026-03-19 01:00:00+00:00,50743
2026-03-19 02:00:00+00:00,51024
2026-03-19 03:00:00+00:00,50063
2026-03-19 04:00:00+00:00,47907
2026-03-19 05:00:00+00:00,45608
2026-03-19 06:00:00+00:00,43642
2026-03-19 07:00:00+00:00,42416
2026-03-19 08:00:00+00:00,41731
2026-03-19 09:00:00+00:00,41516
2026-03-19 10:00:00+00:00,41900
2026-03-19 11:00:00+00:00,43464
2026-03-19 12:00:00+00:00,46004
2026-03-19 13:00:00+00:00,47656
2026-03-19 14:00:00+00:00,47864
2026-03-19 15:00:00+00:00,47975
2026-03-19 16:00:00+00:00,48051
2026-03-19 17:00:00+00:00,48348
2026-03-19 18:00:00+00:00,49093
2026-03-19 19:00:00+00:00,50380
2026-03-19 20:00:00+00:00,51995
2026-03-19 21:00:00+00:00,53875
2026-03-19 22:00:00+00:00,55795
2026-03-19 23:00:00+00:00,57048
2026-03-20 00:00:00+00:00,57196
2026-03-20 01:00:00+00:00,55832
2026-03-20 02:00:00+00:00,55159
2026-03-20 03:00:00+00:00,53854
2026-03-20 04:00:00+00:00,51276
2026-03-20 05:00:00+00:00,48136
2026-03-20 06:00:00+00:00,45558
2026-03-20 07:00:00+00:00,43637
2026-03-20 08:00:00+00:00,42229
2026-03-20 09:00:00+00:00,41564
2026-03-20 10:00:00+00:00,41819
2026-03-20 11:00:00+00:00,42950
2026-03-20 12:00:00+00:00,44950
2026-03-20 13:00:00+00:00,46416
2026-03-20 14:00:00+00:00,46835
2026-03-20 15:00:00+00:00,47795
2026-03-20 16:00:00+00:00,48877
2026-03-20 17:00:00+00:00,50139
2026-03-20 18:00:00+00:00,51745
2026-03-20 19:00:00+00:00,53858
2026-03-20 20:00:00+00:00,56362
2026-03-20 21:00:00+00:00,58669
2026-03-20 22:00:00+00:00,60711
2026-03-20 23:00:00+00:00,61534
2026-03-21 00:00:00+00:00,61033
2026-03-21 01:00:00+00:00,58971
2026-03-21 02:00:00+00:00,57475
2026-03-21 03:00:00+00:00,55485
2026-03-21 04:00:00+00:00,53075
2026-03-21 05:00:00+00:00,50185
2026-03-21 06:00:00+00:00,47731
2026-03-21 07:00:00+00:00,45554
2026-03-21 08:00:00+00:00,44076
2026-03-21 09:00:00+00:00,43145
2026-03-21 10:00:00+00:00,42648
2026-03-21 11:00:00+00:00,42745
2026-03-21 12:00:00+00:00,43294
2026-03-21 13:00:00+00:00,44029
2026-03-21 14:00:00+00:00,45063
2026-03-21 15:00:00+00:00,46901
2026-03-21 16:00:00+00:00,48771
2026-03-21 17:00:00+00:00,50777
2026-03-21 18:00:00+00:00,53111
2026-03-21 19:00:00+00:00,55814
2026-03-21 20:00:00+00:00,58635
2026-03-21 21:00:00+00:00,61166
2026-03-21 22:00:00+00:00,63003
2026-03-21 23:00:00+00:00,63912
2026-03-22 00:00:00+00:00,63292
2026-03-22 01:00:00+00:00,60757
2026-03-22 02:00:00+00:00,59109
2026-03-22 03:00:00+00:00,56940
2026-03-22 04:00:00+00:00,54257
2026-03-22 05:00:00+00:00,51410
2026-03-22 06:00:00+00:00,48661
2026-03-22 07:00:00+00:00,46457
2026-03-22 08:00:00+00:00,44806
2026-03-22 09:00:00+00:00,43535
2026-03-22 10:00:00+00:00,42876
2026-03-22 11:00:00+00:00,42643
2026-03-22 12:00:00+00:00,42930
2026-03-22 13:00:00+00:00,43320
2026-03-22 14:00:00+00:00,44538
2026-03-22 15:00:00+00:00,46647
2026-03-22 16:00:00+00:00,48636
2026-03-22 17:00:00+00:00,50849
2026-03-22 18:00:00+00:00,53350
2026-03-22 19:00:00+00:00,56225
2026-03-22 20:00:00+00:00,58936
2026-03-22 21:00:00+00:00,61445
2026-03-22 22:00:00+00:00,63375
2026-03-22 23:00:00+00:00,64398
2026-03-23 00:00:00+00:00,63873
2026-03-23 01:00:00+00:00,61875
2026-03-23 02:00:00+00:00,60398
2026-03-23 03:00:00+00:00,57874
2026-03-23 04:00:00+00:00,54367
2026-03-23 05:00:00+00:00,50467
2026-03-23 06:00:00+00:00,47266
2026-03-23 07:00:00+00:00,44937
2026-03-23 08:00:00+00:00,43613
2026-03-23 09:00:00+00:00,42823
2026-03-23 10:00:00+00:00,42943
2026-03-23 11:00:00+00:00,44257
2026-03-23 12:00:00+00:00,46804
2026-03-23 13:00:00+00:00,47815
2026-03-23 14:00:00+00:00,48124
2026-03-23 15:00:00+00:00,49303
2026-03-23 16:00:00+00:00,50563
2026-03-23 17:00:00+00:00,51837
2026-03-23 18:00:00+00:00,53337
2026-03-23 19:00:00+00:00,55257
2026-03-23 20:00:00+00:00,57394
2026-03-23 21:00:00+00:00,59429
2026-03-23 22:00:00+00:00,61473
2026-03-23 23:00:00+00:00,62702
2026-03-24 00:00:00+00:00,61457
2026-03-24 01:00:00+00:00,57845
2026-03-24 02:00:00+00:00,56234
2026-03-24 03:00:00+00:00,53187
2026-03-24 04:00:00+00:00,49754
2026-03-24 05:00:00+00:00,47267
2026-03-24 06:00:00+00:00,45378
2026-03-24 07:00:00+00:00,43875
2026-03-24 08:00:00+00:00,42857
2026-03-24 09:00:00+00:00,42319
2026-03-24 10:00:00+00:00,42703
2026-03-24 11:00:00+00:00,43916
2026-03-24 12:00:00+00:00,45855
2026-03-24 13:00:00+00:00,46832
2026-03-24 14:00:00+00:00,47545
2026-03-24 15:00:00+00:00,49330
2026-03-24 16:00:00+00:00,50577
2026-03-24 17:00:00+00:00,52134
2026-03-24 18:00:00+00:00,53881
2026-03-24 19:00:00+00:00,56297
2026-03-24 20:00:00+00:00,58459
2026-03-24 21:00:00+00:00,60685
2026-03-24 22:00:00+00:00,62549
2026-03-24 23:00:00+00:00,63488
2026-03-25 00:00:00+00:00,62517
2026-03-25 01:00:00+00:00,60337
2026-03-25 02:00:00+00:00,59319
2026-03-25 03:00:00+00:00,57780
2026-03-25 04:00:00+00:00,54901
2026-03-25 05:00:00+00:00,51381
2026-03-25 06:00:00+00:00,48471
2026-03-25 07:00:00+00:00,46450
2026-03-25 08:00:00+00:00,45218
2026-03-25 09:00:00+00:00,44508
2026-03-25 10:00:00+00:00,44585
2026-03-25 11:00:00+00:00,46022
2026-03-25 12:00:00+00:00,48622
2026-03-25 13:00:00+00:00,49783
2026-03-25 14:00:00+00:00,50111
2026-03-25 15:00:00+00:00,51301
2026-03-25 16:00:00+00:00,52863
2026-03-25 17:00:00+00:00,54667
2026-03-25 18:00:00+00:00,56753
2026-03-25 19:00:00+00:00,59291
2026-03-25 20:00:00+00:00,61894
2026-03-25 21:00:00+00:00,64042
2026-03-25 22:00:00+00:00,65667
2026-03-25 23:00:00+00:00,66476
2026-03-26 00:00:00+00:00,65347
2026-03-26 01:00:00+00:00,63392
2026-03-26 02:00:00+00:00,62272
2026-03-26 03:00:00+00:00,59922
2026-03-26 04:00:00+00:00,56357
2026-03-26 05:00:00+00:00,52600
2026-03-26 06:00:00+00:00,49482
2026-03-26 07:00:00+00:00,47394
2026-03-26 08:00:00+00:00,45924
2026-03-26 09:00:00+00:00,45052
2026-03-26 10:00:00+00:00,45021
2026-03-26 11:00:00+00:00,46390
2026-03-26 12:00:00+00:00,49000
2026-03-26 13:00:00+00:00,49955
2026-03-26 14:00:00+00:00,50265
2026-03-26 15:00:00+00:00,51454
2026-03-26 16:00:00+00:00,52924
2026-03-26 17:00:00+00:00,54803
2026-03-26 18:00:00+00:00,56718
2026-03-26 19:00:00+00:00,58973
2026-03-26 20:00:00+00:00,61346
2026-03-26 21:00:00+00:00,63443
2026-03-26 22:00:00+00:00,65434
2026-03-26 23:00:00+00:00,66181
2026-03-27 00:00:00+00:00,65117
2026-03-27 01:00:00+00:00,62934
2026-03-27 02:00:00+00:00,61774
2026-03-27 03:00:00+00:00,59486
2026-03-27 04:00:00+00:00,55887
2026-03-27 05:00:00+00:00,52297
2026-03-27 06:00:00+00:00,49299
2026-03-27 07:00:00+00:00,46917
2026-03-27 08:00:00+00:00,45479
2026-03-27 09:00:00+00:00,44390
2026-03-27 10:00:00+00:00,44232
2026-03-27 11:00:00+00:00,45555
2026-03-27 12:00:00+00:00,47652
2026-03-27 13:00:00+00:00,48733
2026-03-27 14:00:00+00:00,49256
2026-03-27 15:00:00+00:00,51009
2026-03-27 16:00:00+00:00,52725
2026-03-27 17:00:00+00:00,54087
2026-03-27 18:00:00+00:00,55279
2026-03-27 19:00:00+00:00,56644
2026-03-27 20:00:00+00:00,57807
2026-03-27 21:00:00+00:00,58901
2026-03-27 22:00:00+00:00,59432
2026-03-27 23:00:00+00:00,59211
2026-03-28 00:00:00+00:00,57804
2026-03-28 01:00:00+00:00,56311
2026-03-28 02:00:00+00:00,55268
2026-03-28 03:00:00+00:00,53390
2026-03-28 04:00:00+00:00,51079
2026-03-28 05:00:00+00:00,48569
2026-03-28 06:00:00+00:00,46397
2026-03-28 07:00:00+00:00,44618
2026-03-28 08:00:00+00:00,43343
2026-03-28 09:00:00+00:00,42460
2026-03-28 10:00:00+00:00,41942
2026-03-28 11:00:00+00:00,41922
2026-03-28 12:00:00+00:00,43094
2026-03-28 13:00:00+00:00,44165
2026-03-28 14:00:00+00:00,45498
2026-03-28 15:00:00+00:00,46696
2026-03-28 16:00:00+00:00,47534
2026-03-28 17:00:00+00:00,47804
2026-03-28 18:00:00+00:00,47880
2026-03-28 19:00:00+00:00,48120
2026-03-28 20:00:00+00:00,48654
2026-03-28 21:00:00+00:00,49311
2026-03-28 22:00:00+00:00,49864
2026-03-28 23:00:00+00:00,50035
2026-03-29 00:00:00+00:00,49667
2026-03-29 01:00:00+00:00,49585
2026-03-29 02:00:00+00:00,49791
2026-03-29 03:00:00+00:00,48930
2026-03-29 04:00:00+00:00,47452
2026-03-29 05:00:00+00:00,45730
2026-03-29 06:00:00+00:00,44008
2026-03-29 07:00:00+00:00,42811
2026-03-29 08:00:00+00:00,41977
2026-03-29 09:00:00+00:00,41471
2026-03-29 10:00:00+00:00,41388
2026-03-29 11:00:00+00:00,41847
2026-03-29 12:00:00+00:00,42691
2026-03-29 13:00:00+00:00,43628
2026-03-29 14:00:00+00:00,44718
2026-03-29 15:00:00+00:00,45816
2026-03-29 16:00:00+00:00,46898
2026-03-29 17:00:00+00:00,47917
2026-03-29 18:00:00+00:00,49320
2026-03-29 19:00:00+00:00,51018
2026-03-29 20:00:00+00:00,52842
2026-03-29 21:00:00+00:00,54599
2026-03-29 22:00:00+00:00,56277
2026-03-29 23:00:00+00:00,57700
2026-03-30 00:00:00+00:00,57925
2026-03-30 01:00:00+00:00,57123
2026-03-30 02:00:00+00:00,57157
2026-03-30 03:00:00+00:00,55588
2026-03-30 04:00:00+00:00,52703
2026-03-30 05:00:00+00:00,49431
2026-03-30 06:00:00+00:00,46770
2026-03-30 07:00:00+00:00,44783
2026-03-30 08:00:00+00:00,43652
2026-03-30 09:00:00+00:00,43198
2026-03-30 10:00:00+00:00,43620
2026-03-30 11:00:00+00:00,45246
2026-03-30 12:00:00+00:00,47891
2026-03-30 13:00:00+00:00,49246
2026-03-30 14:00:00+00:00,49827
2026-03-30 15:00:00+00:00,51110
2026-03-30 16:00:00+00:00,52689
2026-03-30 17:00:00+00:00,54390
2026-03-30 18:00:00+00:00,56177
2026-03-30 19:00:00+00:00,58235
2026-03-30 20:00:00+00:00,59985
2026-03-30 21:00:00+00:00,61751
2026-03-30 22:00:00+00:00,63502
2026-03-30 23:00:00+00:00,64188
2026-03-31 00:00:00+00:00,63385
2026-03-31 01:00:00+00:00,61671
2026-03-31 02:00:00+00:00,61009
2026-03-31 03:00:00+00:00,58948
2026-03-31 04:00:00+00:00,55552
2026-03-31 05:00:00+00:00,51967
2026-03-31 06:00:00+00:00,49069
2026-03-31 07:00:00+00:00,46951
2026-03-31 08:00:00+00:00,45583
2026-03-31 09:00:00+00:00,44825
2026-03-31 10:00:00+00:00,45126
2026-03-31 11:00:00+00:00,46512
2026-03-31 12:00:00+00:00,49088
2026-03-31 13:00:00+00:00,50080
2026-03-31 14:00:00+00:00,50722
2026-03-31 15:00:00+00:00,52193
2026-03-31 16:00:00+00:00,53946
2026-03-31 17:00:00+00:00,55636
2026-03-31 18:00:00+00:00,57426
2026-03-31 19:00:00+00:00,59236
2026-03-31 20:00:00+00:00,61241
2026-03-31 21:00:00+00:00,62987
2026-03-31 22:00:00+00:00,64726
2026-03-31 23:00:00+00:00,65542
2026-04-01 00:00:00+00:00,64669
2026-04-01 01:00:00+00:00,63048
2026-04-01 02:00:00+00:00,62301
2026-04-01 03:00:00+00:00,60315
2026-04-01 04:00:00+00:00,56993
2026-04-01 05:00:00+00:00,53263
2026-04-01 06:00:00+00:00,50452
2026-04-01 07:00:00+00:00,48434
2026-04-01 08:00:00+00:00,47125
2026-04-01 09:00:00+00:00,46107
2026-04-01 10:00:00+00:00,46269
2026-04-01 11:00:00+00:00,47533
2026-04-01 12:00:00+00:00,49858
2026-04-01 13:00:00+00:00,50145
2026-04-01 14:00:00+00:00,51350
2026-04-01 15:00:00+00:00,53316
2026-04-01 16:00:00+00:00,54866
2026-04-01 17:00:00+00:00,56589
2026-04-01 18:00:00+00:00,58737
2026-04-01 19:00:00+00:00,60928
2026-04-01 20:00:00+00:00,63044
2026-04-01 21:00:00+00:00,64575
2026-04-01 22:00:00+00:00,65760
2026-04-01 23:00:00+00:00,65742
2026-04-02 00:00:00+00:00,64566
2026-04-02 01:00:00+00:00,63228
2026-04-02 02:00:00+00:00,62289
2026-04-02 03:00:00+00:00,60524
2026-04-02 04:00:00+00:00,57250
2026-04-02 05:00:00+00:00,53703
2026-04-02 06:00:00+00:00,50632
2026-04-02 07:00:00+00:00,48993
2026-04-02 08:00:00+00:00,47539
2026-04-02 09:00:00+00:00,46486
2026-04-02 10:00:00+00:00,46789
2026-04-02 11:00:00+00:00,47896
2026-04-02 12:00:00+00:00,50032
2026-04-02 13:00:00+00:00,50958
2026-04-02 14:00:00+00:00,51354
2026-04-02 15:00:00+00:00,52986
2026-04-02 16:00:00+00:00,54349
2026-04-02 17:00:00+00:00,55749
2026-04-02 18:00:00+00:00,57186
2026-04-02 19:00:00+00:00,58815
2026-04-02 20:00:00+00:00,60305
2026-04-02 21:00:00+00:00,61679
2026-04-02 22:00:00+00:00,63001
2026-04-02 23:00:00+00:00,63582
2026-04-03 00:00:00+00:00,62848
2026-04-03 01:00:00+00:00,61218
2026-04-03 02:00:00+00:00,60553
2026-04-03 03:00:00+00:00,59171
2026-04-03 04:00:00+00:00,56964
2026-04-03 05:00:00+00:00,54035
2026-04-03 06:00:00+00:00,51453
2026-04-03 07:00:00+00:00,49424
2026-04-03 08:00:00+00:00,47953
2026-04-03 09:00:00+00:00,47288
2026-04-03 10:00:00+00:00,47189
2026-04-03 11:00:00+00:00,47867
2026-04-03 12:00:00+00:00,49180
2026-04-03 13:00:00+00:00,50284
2026-04-03 14:00:00+00:00,51430
2026-04-03 15:00:00+00:00,53330
2026-04-03 16:00:00+00:00,55469
2026-04-03 17:00:00+00:00,57342
2026-04-03 18:00:00+00:00,58834
2026-04-03 19:00:00+00:00,60013
2026-04-03 20:00:00+00:00,60874
2026-04-03 21:00:00+00:00,61740
2026-04-03 22:00:00+00:00,62136
2026-04-03 23:00:00+00:00,61701
2026-04-04 00:00:00+00:00,60478
2026-04-04 01:00:00+00:00,58794
2026-04-04 02:00:00+00:00,58438
2026-04-04 03:00:00+00:00,57224
2026-04-04 04:00:00+00:00,55504
2026-04-04 05:00:00+00:00,53207
2026-04-04 06:00:00+00:00,51240
2026-04-04 07:00:00+00:00,49659
2026-04-04 08:00:00+00:00,48000
2026-04-04 09:00:00+00:00,47133
2026-04-04 10:00:00+00:00,46580
2026-04-04 11:00:00+00:00,46567
2026-04-04 12:00:00+00:00,46682
2026-04-04 13:00:00+00:00,46984
2026-04-04 14:00:00+00:00,48137
2026-04-04 15:00:00+00:00,49769
2026-04-04 16:00:00+00:00,51366
2026-04-04 17:00:00+00:00,52462
2026-04-04 18:00:00+00:00,52703
2026-04-04 19:00:00+00:00,52578
2026-04-04 20:00:00+00:00,52251
2026-04-04 21:00:00+00:00,52382
2026-04-04 22:00:00+00:00,52508
2026-04-04 23:00:00+00:00,52037
2026-04-05 00:00:00+00:00,51327
2026-04-05 01:00:00+00:00,50161
2026-04-05 02:00:00+00:00,50024
2026-04-05 03:00:00+00:00,49373
2026-04-05 04:00:00+00:00,47756
2026-04-05 05:00:00+00:00,45720
2026-04-05 06:00:00+00:00,43816
2026-04-05 07:00:00+00:00,42457
2026-04-05 08:00:00+00:00,41444
2026-04-05 09:00:00+00:00,40757
2026-04-05 10:00:00+00:00,40594
2026-04-05 11:00:00+00:00,40787
2026-04-05 12:00:00+00:00,41487
2026-04-05 13:00:00+00:00,42394
2026-04-05 14:00:00+00:00,43723
2026-04-05 15:00:00+00:00,45129
2026-04-05 16:00:00+00:00,45871
2026-04-05 17:00:00+00:00,46026
2026-04-05 18:00:00+00:00,46095
2026-04-05 19:00:00+00:00,45974
2026-04-05 20:00:00+00:00,45786
2026-04-05 21:00:00+00:00,45667
2026-04-05 22:00:00+00:00,45757
2026-04-05 23:00:00+00:00,45805
2026-04-06 00:00:00+00:00,46029
2026-04-06 01:00:00+00:00,46316
2026-04-06 02:00:00+00:00,47475
2026-04-06 03:00:00+00:00,46878
2026-04-06 04:00:00+00:00,45334
2026-04-06 05:00:00+00:00,43364
2026-04-06 06:00:00+00:00,41809
2026-04-06 07:00:00+00:00,40626
2026-04-06 08:00:00+00:00,40096
2026-04-06 09:00:00+00:00,39967
2026-04-06 10:00:00+00:00,40663
2026-04-06 11:00:00+00:00,42221
2026-04-06 12:00:00+00:00,44897
2026-04-06 13:00:00+00:00,46511
2026-04-06 14:00:00+00:00,47250
2026-04-06 15:00:00+00:00,47700
2026-04-06 16:00:00+00:00,47647
2026-04-06 17:00:00+00:00,47576
2026-04-06 18:00:00+00:00,47710
2026-04-06 19:00:00+00:00,48214
2026-04-06 20:00:00+00:00,48898
2026-04-06 21:00:00+00:00,49826
2026-04-06 22:00:00+00:00,51074
2026-04-06 23:00:00+00:00,52199
2026-04-07 00:00:00+00:00,52314
2026-04-07 01:00:00+00:00,51261
2026-04-07 02:00:00+00:00,51149
2026-04-07 03:00:00+00:00,49825
2026-04-07 04:00:00+00:00,47545
2026-04-07 05:00:00+00:00,45287
2026-04-07 06:00:00+00:00,43318
2026-04-07 07:00:00+00:00,41996
2026-04-07 08:00:00+00:00,41239
2026-04-07 09:00:00+00:00,41014
2026-04-07 10:00:00+00:00,41582
2026-04-07 11:00:00+00:00,43427
2026-04-07 12:00:00+00:00,46324
2026-04-07 13:00:00+00:00,47494
2026-04-07 14:00:00+00:00,47299
2026-04-07 15:00:00+00:00,47263
2026-04-07 16:00:00+00:00,47412
2026-04-07 17:00:00+00:00,47644
2026-04-07 18:00:00+00:00,47568
2026-04-07 19:00:00+00:00,48156
2026-04-07 20:00:00+00:00,48840
2026-04-07 21:00:00+00:00,49751
2026-04-07 22:00:00+00:00,50745
2026-04-07 23:00:00+00:00,51207
2026-04-08 00:00:00+00:00,50987
2026-04-08 01:00:00+00:00,50895
2026-04-08 02:00:00+00:00,51500
2026-04-08 03:00:00+00:00,49867
2026-04-08 04:00:00+00:00,47007
2026-04-08 05:00:00+00:00,44739
2026-04-08 06:00:00+00:00,42926
2026-04-08 07:00:00+00:00,41519
2026-04-08 08:00:00+00:00,40809
2026-04-08 09:00:00+00:00,40458
2026-04-08 10:00:00+00:00,40996
2026-04-08 11:00:00+00:00,42667
2026-04-08 12:00:00+00:00,45553
2026-04-08 13:00:00+00:00,46595
2026-04-08 14:00:00+00:00,47162
2026-04-08 15:00:00+00:00,47785
2026-04-08 16:00:00+00:00,48528
2026-04-08 17:00:00+00:00,49396
2026-04-08 18:00:00+00:00,50361
2026-04-08 19:00:00+00:00,51794
2026-04-08 20:00:00+00:00,52917
2026-04-08 21:00:00+00:00,54380
2026-04-08 22:00:00+00:00,55892
2026-04-08 23:00:00+00:00,56927
2026-04-09 00:00:00+00:00,56746
2026-04-09 01:00:00+00:00,55514
2026-04-09 02:00:00+00:00,54475
2026-04-09 03:00:00+00:00,53241
2026-04-09 04:00:00+00:00,51759
2026-04-09 05:00:00+00:00,48719
2026-04-09 06:00:00+00:00,46181
2026-04-09 07:00:00+00:00,44371
2026-04-09 08:00:00+00:00,43191
2026-04-09 09:00:00+00:00,42597
2026-04-09 10:00:00+00:00,42892
2026-04-09 11:00:00+00:00,44518
2026-04-09 12:00:00+00:00,47261
2026-04-09 13:00:00+00:00,48361
2026-04-09 14:00:00+00:00,49009
2026-04-09 15:00:00+00:00,49804
2026-04-09 16:00:00+00:00,51130
2026-04-09 17:00:00+00:00,52414
2026-04-09 18:00:00+00:00,53767
2026-04-09 19:00:00+00:00,55393
2026-04-09 20:00:00+00:00,56615
2026-04-09 21:00:00+00:00,57900
2026-04-09 22:00:00+00:00,58881
2026-04-09 23:00:00+00:00,58804
2026-04-10 00:00:00+00:00,57554
2026-04-10 01:00:00+00:00,56052
2026-04-10 02:00:00+00:00,55333
2026-04-10 03:00:00+00:00,54307
2026-04-10 04:00:00+00:00,51816
2026-04-10 05:00:00+00:00,49416
2026-04-10 06:00:00+00:00,47307
2026-04-10 07:00:00+00:00,45615
2026-04-10 08:00:00+00:00,44539
2026-04-10 09:00:00+00:00,44033
2026-04-10 10:00:00+00:00,44305
2026-04-10 11:00:00+00:00,45622
2026-04-10 12:00:00+00:00,47993
2026-04-10 13:00:00+00:00,49127
2026-04-10 14:00:00+00:00,49861
2026-04-10 15:00:00+00:00,51162
2026-04-10 16:00:00+00:00,52595
2026-04-10 17:00:00+00:00,53825
2026-04-10 18:00:00+00:00,55047
2026-04-10 19:00:00+00:00,56460
2026-04-10 20:00:00+00:00,57726
2026-04-10 21:00:00+00:00,58521
2026-04-10 22:00:00+00:00,58873
2026-04-10 23:00:00+00:00,59050
2026-04-11 00:00:00+00:00,58323
2026-04-11 01:00:00+00:00,56943
2026-04-11 02:00:00+00:00,56677
2026-04-11 03:00:00+00:00,55517
2026-04-11 04:00:00+00:00,53343
2026-04-11 05:00:00+00:00,50904
2026-04-11 06:00:00+00:00,48586
2026-04-11 07:00:00+00:00,46749
2026-04-11 08:00:00+00:00,45176
2026-04-11 09:00:00+00:00,44231
2026-04-11 10:00:00+00:00,44041
2026-04-11 11:00:00+00:00,44437
2026-04-11 12:00:00+00:00,45353
2026-04-11 13:00:00+00:00,46001
2026-04-11 14:00:00+00:00,47575
2026-04-11 15:00:00+00:00,49753
2026-04-11 16:00:00+00:00,51874
2026-04-11 17:00:00+00:00,53523
2026-04-11 18:00:00+00:00,54741
2026-04-11 19:00:00+00:00,55637
2026-04-11 20:00:00+00:00,56431
2026-04-11 21:00:00+00:00,57039
2026-04-11 22:00:00+00:00,57604
2026-04-11 23:00:00+00:00,57554
2026-04-12 00:00:00+00:00,56380
2026-04-12 01:00:00+00:00,55349
2026-04-12 02:00:00+00:00,54990
2026-04-12 03:00:00+00:00,53886
2026-04-12 04:00:00+00:00,51899
2026-04-12 05:00:00+00:00,48325
2026-04-12 06:00:00+00:00,46403
2026-04-12 07:00:00+00:00,45040
2026-04-12 08:00:00+00:00,44637
2026-04-12 09:00:00+00:00,44360
2026-04-12 10:00:00+00:00,44031
2026-04-12 11:00:00+00:00,44143
2026-04-12 12:00:00+00:00,44493
2026-04-12 13:00:00+00:00,45105
2026-04-12 14:00:00+00:00,46692
2026-04-12 15:00:00+00:00,48738
2026-04-12 16:00:00+00:00,50388
2026-04-12 17:00:00+00:00,52040
2026-04-12 18:00:00+00:00,53322
2026-04-12 19:00:00+00:00,54091
2026-04-12 20:00:00+00:00,54554
2026-04-12 21:00:00+00:00,54758
2026-04-12 22:00:00+00:00,55066
2026-04-12 23:00:00+00:00,55257
2026-04-13 00:00:00+00:00,55341
2026-04-13 01:00:00+00:00,55296
2026-04-13 02:00:00+00:00,55960
2026-04-13 03:00:00+00:00,55197
2026-04-13 04:00:00+00:00,52978
2026-04-13 05:00:00+00:00,50316
2026-04-13 06:00:00+00:00,48042
2026-04-13 07:00:00+00:00,46299
2026-04-13 08:00:00+00:00,45239
2026-04-13 09:00:00+00:00,44885
2026-04-13 10:00:00+00:00,45598
2026-04-13 11:00:00+00:00,47271
2026-04-13 12:00:00+00:00,50105
2026-04-13 13:00:00+00:00,51432
2026-04-13 14:00:00+00:00,52304
2026-04-13 15:00:00+00:00,53662
2026-04-13 16:00:00+00:00,55227
2026-04-13 17:00:00+00:00,57079
2026-04-13 18:00:00+00:00,58742
2026-04-13 19:00:00+00:00,60533
2026-04-13 20:00:00+00:00,62251
2026-04-13 21:00:00+00:00,63730
2026-04-13 22:00:00+00:00,65291
2026-04-13 23:00:00+00:00,65532
2026-04-14 00:00:00+00:00,64456
2026-04-14 01:00:00+00:00,62933
2026-04-14 02:00:00+00:00,62347
2026-04-14 03:00:00+00:00,60251
2026-04-14 04:00:00+00:00,57521
2026-04-14 05:00:00+00:00,54118
2026-04-14 06:00:00+00:00,51230
2026-04-14 07:00:00+00:00,49246
2026-04-14 08:00:00+00:00,47863
2026-04-14 09:00:00+00:00,47097
2026-04-14 10:00:00+00:00,47297
2026-04-14 11:00:00+00:00,48622
2026-04-14 12:00:00+00:00,51210
2026-04-14 13:00:00+00:00,51967
2026-04-14 14:00:00+00:00,52560
2026-04-14 15:00:00+00:00,53857
2026-04-14 16:00:00+00:00,55261
2026-04-14 17:00:00+00:00,56658
2026-04-14 18:00:00+00:00,57914
2026-04-14 19:00:00+00:00,59285
2026-04-14 20:00:00+00:00,60204
2026-04-14 21:00:00+00:00,61541
2026-04-14 22:00:00+00:00,62718
2026-04-14 23:00:00+00:00,63110
2026-04-15 00:00:00+00:00,61981
2026-04-15 01:00:00+00:00,61096
2026-04-15 02:00:00+00:00,61176
2026-04-15 03:00:00+00:00,59848
2026-04-15 04:00:00+00:00,56850
2026-04-15 05:00:00+00:00,53374
2026-04-15 06:00:00+00:00,50399
2026-04-15 07:00:00+00:00,48496
2026-04-15 08:00:00+00:00,47503
2026-04-15 09:00:00+00:00,46902
2026-04-15 10:00:00+00:00,47027
2026-04-15 11:00:00+00:00,48237
2026-04-15 12:00:00+00:00,50467
2026-04-15 13:00:00+00:00,51122
2026-04-15 14:00:00+00:00,52040
2026-04-15 15:00:00+00:00,53732
2026-04-15 16:00:00+00:00,55430
2026-04-15 17:00:00+00:00,57168
2026-04-15 18:00:00+00:00,58421
2026-04-15 19:00:00+00:00,59607
2026-04-15 20:00:00+00:00,60677
2026-04-15 21:00:00+00:00,61555
2026-04-15 22:00:00+00:00,62247
2026-04-15 23:00:00+00:00,62487
2026-04-16 00:00:00+00:00,61733
2026-04-16 01:00:00+00:00,60062
2026-04-16 02:00:00+00:00,59245
2026-04-16 03:00:00+00:00,57763
2026-04-16 04:00:00+00:00,54997
2026-04-16 05:00:00+00:00,52070
2026-04-16 06:00:00+00:00,49554
2026-04-16 07:00:00+00:00,47691
2026-04-16 08:00:00+00:00,46401
2026-04-16 09:00:00+00:00,45769
2026-04-16 10:00:00+00:00,45692
2026-04-16 11:00:00+00:00,46838
2026-04-16 12:00:00+00:00,49295
2026-04-16 13:00:00+00:00,50189
2026-04-16 14:00:00+00:00,51387
2026-04-16 15:00:00+00:00,53224
2026-04-16 16:00:00+00:00,55345
2026-04-16 17:00:00+00:00,57724
2026-04-16 18:00:00+00:00,60178
2026-04-16 19:00:00+00:00,62542
2026-04-16 20:00:00+00:00,64748
2026-04-16 21:00:00+00:00,66422
2026-04-16 22:00:00+00:00,67620
2026-04-16 23:00:00+00:00,67755
2026-04-17 00:00:00+00:00,66447
2026-04-17 01:00:00+00:00,64473
2026-04-17 02:00:00+00:00,63666
2026-04-17 03:00:00+00:00,61770
2026-04-17 04:00:00+00:00,58401
2026-04-17 05:00:00+00:00,54628
2026-04-17 06:00:00+00:00,51607
2026-04-17 07:00:00+00:00,49303
2026-04-17 08:00:00+00:00,47849
2026-04-17 09:00:00+00:00,47078
2026-04-17 10:00:00+00:00,47021
2026-04-17 11:00:00+00:00,48236
2026-04-17 12:00:00+00:00,50495
2026-04-17 13:00:00+00:00,51150
2026-04-17 14:00:00+00:00,52401
2026-04-17 15:00:00+00:00,54388
2026-04-17 16:00:00+00:00,56462
2026-04-17 17:00:00+00:00,58468
2026-04-17 18:00:00+00:00,60031
2026-04-17 19:00:00+00:00,61592
2026-04-17 20:00:00+00:00,62628
2026-04-17 21:00:00+00:00,63441
2026-04-17 22:00:00+00:00,64231
2026-04-17 23:00:00+00:00,63808
2026-04-18 00:00:00+00:00,62481
2026-04-18 01:00:00+00:00,61112
2026-04-18 02:00:00+00:00,60575
2026-04-18 03:00:00+00:00,59219
2026-04-18 04:00:00+00:00,56811
2026-04-18 05:00:00+00:00,53872
2026-04-18 06:00:00+00:00,51218
2026-04-18 07:00:00+00:00,49345
2026-04-18 08:00:00+00:00,47859
2026-04-18 09:00:00+00:00,46659
2026-04-18 10:00:00+00:00,45348
2026-04-18 11:00:00+00:00,45018
2026-04-18 12:00:00+00:00,45686
2026-04-18 13:00:00+00:00,46347
2026-04-18 14:00:00+00:00,47796
2026-04-18 15:00:00+00:00,49733
2026-04-18 16:00:00+00:00,51188
2026-04-18 17:00:00+00:00,52291
2026-04-18 18:00:00+00:00,52665
2026-04-18 19:00:00+00:00,52482
2026-04-18 20:00:00+00:00,52038
2026-04-18 21:00:00+00:00,51412
2026-04-18 22:00:00+00:00,51023
2026-04-18 23:00:00+00:00,50370
2026-04-19 00:00:00+00:00,49348
2026-04-19 01:00:00+00:00,48513
2026-04-19 02:00:00+00:00,48420
2026-04-19 03:00:00+00:00,47431
2026-04-19 04:00:00+00:00,45598
2026-04-19 05:00:00+00:00,44526
2026-04-19 06:00:00+00:00,43026
2026-04-19 07:00:00+00:00,41851
2026-04-19 08:00:00+00:00,41029
2026-04-19 09:00:00+00:00,40659
2026-04-19 10:00:00+00:00,40631
2026-04-19 11:00:00+00:00,40992
2026-04-19 12:00:00+00:00,41800
2026-04-19 13:00:00+00:00,42092
2026-04-19 14:00:00+00:00,44194
2026-04-19 15:00:00+00:00,45153
2026-04-19 16:00:00+00:00,45284
2026-04-19 17:00:00+00:00,45324
2026-04-19 18:00:00+00:00,45227
2026-04-19 19:00:00+00:00,45335
2026-04-19 20:00:00+00:00,45633
2026-04-19 21:00:00+00:00,46349
2026-04-19 22:00:00+00:00,47165
2026-04-19 23:00:00+00:00,48032
2026-04-20 00:00:00+00:00,48250
2026-04-20 01:00:00+00:00,47927
2026-04-20 02:00:00+00:00,48886
2026-04-20 03:00:00+00:00,48243
2026-04-20 04:00:00+00:00,46001
2026-04-20 05:00:00+00:00,43357
2026-04-20 06:00:00+00:00,41701
2026-04-20 07:00:00+00:00,40373
2026-04-20 08:00:00+00:00,39896
2026-04-20 09:00:00+00:00,39711
2026-04-20 10:00:00+00:00,40384
2026-04-20 11:00:00+00:00,42265
2026-04-20 12:00:00+00:00,45277
2026-04-20 13:00:00+00:00,46815
2026-04-20 14:00:00+00:00,45735
2026-04-20 15:00:00+00:00,47021
2026-04-20 16:00:00+00:00,47925
2026-04-20 17:00:00+00:00,48047
2026-04-20 18:00:00+00:00,48757
2026-04-20 19:00:00+00:00,49108
2026-04-20 20:00:00+00:00,49141
2026-04-20 21:00:00+00:00,48926
2026-04-20 22:00:00+00:00,48783
2026-04-20 23:00:00+00:00,49025
2026-04-21 00:00:00+00:00,49406
2026-04-21 01:00:00+00:00,49624
2026-04-21 02:00:00+00:00,50439
2026-04-21 03:00:00+00:00,49793
2026-04-21 04:00:00+00:00,47426
2026-04-21 05:00:00+00:00,44764
2026-04-21 06:00:00+00:00,43017
2026-04-21 07:00:00+00:00,41920
2026-04-21 08:00:00+00:00,41279
2026-04-21 09:00:00+00:00,41027
2026-04-21 10:00:00+00:00,41353
2026-04-21 11:00:00+00:00,42905
2026-04-21 12:00:00+00:00,45591
2026-04-21 13:00:00+00:00,46986
2026-04-21 14:00:00+00:00,47656
2026-04-21 15:00:00+00:00,48590
2026-04-21 16:00:00+00:00,49348
2026-04-21 17:00:00+00:00,49870
2026-04-21 18:00:00+00:00,50163
2026-04-21 19:00:00+00:00,50344
2026-04-21 20:00:00+00:00,50459
2026-04-21 21:00:00+00:00,50370
2026-04-21 22:00:00+00:00,50735
2026-04-21 23:00:00+00:00,51069
2026-04-22 00:00:00+00:00,51087
2026-04-22 01:00:00+00:00,51080
2026-04-22 02:00:00+00:00,51438
2026-04-22 03:00:00+00:00,50511
2026-04-22 04:00:00+00:00,48355
2026-04-22 05:00:00+00:00,46070
2026-04-22 06:00:00+00:00,44273
2026-04-22 07:00:00+00:00,42962
2026-04-22 08:00:00+00:00,42229
2026-04-22 09:00:00+00:00,41908
2026-04-22 10:00:00+00:00,42383
2026-04-22 11:00:00+00:00,43996
2026-04-22 12:00:00+00:00,46732
2026-04-22 13:00:00+00:00,48055
2026-04-22 14:00:00+00:00,48727
2026-04-22 15:00:00+00:00,49784
2026-04-22 16:00:00+00:00,50940
2026-04-22 17:00:00+00:00,52195
2026-04-22 18:00:00+00:00,53390
2026-04-22 19:00:00+00:00,54534
2026-04-22 20:00:00+00:00,55387
2026-04-22 21:00:00+00:00,56364
2026-04-22 22:00:00+00:00,57452
2026-04-22 23:00:00+00:00,58151
2026-04-23 00:00:00+00:00,58018
2026-04-23 01:00:00+00:00,57578
2026-04-23 02:00:00+00:00,57715
2026-04-23 03:00:00+00:00,56480
2026-04-23 04:00:00+00:00,53735
2026-04-23 05:00:00+00:00,50431
2026-04-23 06:00:00+00:00,47735
2026-04-23 07:00:00+00:00,45958
2026-04-23 08:00:00+00:00,44847
2026-04-23 09:00:00+00:00,44276
2026-04-23 10:00:00+00:00,44528
2026-04-23 11:00:00+00:00,45988
2026-04-23 12:00:00+00:00,48734
2026-04-23 13:00:00+00:00,49829
2026-04-23 14:00:00+00:00,50820
2026-04-23 15:00:00+00:00,52299
2026-04-23 16:00:00+00:00,53819
2026-04-23 17:00:00+00:00,55140
2026-04-23 18:00:00+00:00,56352
2026-04-23 19:00:00+00:00,57831
2026-04-23 20:00:00+00:00,59211
2026-04-23 21:00:00+00:00,60331
2026-04-23 22:00:00+00:00,61557
2026-04-23 23:00:00+00:00,61819
2026-04-24 00:00:00+00:00,60914
2026-04-24 01:00:00+00:00,60008
2026-04-24 02:00:00+00:00,60143
2026-04-24 03:00:00+00:00,58854
2026-04-24 04:00:00+00:00,56329
2026-04-24 05:00:00+00:00,53132
2026-04-24 06:00:00+00:00,50635
2026-04-24 07:00:00+00:00,48708
2026-04-24 08:00:00+00:00,47456
2026-04-24 09:00:00+00:00,46788
2026-04-24 10:00:00+00:00,46935
2026-04-24 11:00:00+00:00,48189
2026-04-24 12:00:00+00:00,50512
2026-04-24 13:00:00+00:00,51643
2026-04-24 14:00:00+00:00,53040
2026-04-24 15:00:00+00:00,54841
2026-04-24 16:00:00+00:00,56700
2026-04-24 17:00:00+00:00,58606
2026-04-24 18:00:00+00:00,60890
2026-04-24 19:00:00+00:00,63476
2026-04-24 20:00:00+00:00,65659
2026-04-24 21:00:00+00:00,67441
2026-04-24 22:00:00+00:00,68606
2026-04-24 23:00:00+00:00,69167
2026-04-25 00:00:00+00:00,66719
2026-04-25 01:00:00+00:00,62496
2026-04-25 02:00:00+00:00,59842
2026-04-25 03:00:00+00:00,57956
2026-04-25 04:00:00+00:00,55343
2026-04-25 05:00:00+00:00,53875
2026-04-25 06:00:00+00:00,51890
2026-04-25 07:00:00+00:00,49872
2026-04-25 08:00:00+00:00,48565
2026-04-25 09:00:00+00:00,47602
2026-04-25 10:00:00+00:00,47252
2026-04-25 11:00:00+00:00,47284
2026-04-25 12:00:00+00:00,47993
2026-04-25 13:00:00+00:00,48836
2026-04-25 14:00:00+00:00,50936
2026-04-25 15:00:00+00:00,53401
2026-04-25 16:00:00+00:00,56140
2026-04-25 17:00:00+00:00,58640
2026-04-25 18:00:00+00:00,61252
2026-04-25 19:00:00+00:00,63653
2026-04-25 20:00:00+00:00,65952
2026-04-25 21:00:00+00:00,67868
2026-04-25 22:00:00+00:00,69137
2026-04-25 23:00:00+00:00,69151
2026-04-26 00:00:00+00:00,66889
2026-04-26 01:00:00+00:00,64068
2026-04-26 02:00:00+00:00,62185
2026-04-26 03:00:00+00:00,60699
2026-04-26 04:00:00+00:00,58781
2026-04-26 05:00:00+00:00,56281
2026-04-26 06:00:00+00:00,53614
2026-04-26 07:00:00+00:00,51147
2026-04-26 08:00:00+00:00,49332
2026-04-26 09:00:00+00:00,48083
2026-04-26 10:00:00+00:00,47435
2026-04-26 11:00:00+00:00,47119
2026-04-26 12:00:00+00:00,47320
2026-04-26 13:00:00+00:00,47654
2026-04-26 14:00:00+00:00,49662
2026-04-26 15:00:00+00:00,52211
2026-04-26 16:00:00+00:00,54960
2026-04-26 17:00:00+00:00,57333
2026-04-26 18:00:00+00:00,59108
2026-04-26 19:00:00+00:00,60744
2026-04-26 20:00:00+00:00,62757
2026-04-26 21:00:00+00:00,64721
2026-04-26 22:00:00+00:00,66455
2026-04-26 23:00:00+00:00,67395
2026-04-27 00:00:00+00:00,66968
2026-04-27 01:00:00+00:00,65781
2026-04-27 02:00:00+00:00,65220
2026-04-27 03:00:00+00:00,63721
2026-04-27 04:00:00+00:00,60693
2026-04-27 05:00:00+00:00,57207
2026-04-27 06:00:00+00:00,54213
2026-04-27 07:00:00+00:00,52180
2026-04-27 08:00:00+00:00,50805
2026-04-27 09:00:00+00:00,50036
2026-04-27 10:00:00+00:00,50072
2026-04-27 11:00:00+00:00,51381
2026-04-27 12:00:00+00:00,53465
2026-04-27 13:00:00+00:00,54029
2026-04-27 14:00:00+00:00,56111
2026-04-27 15:00:00+00:00,58446
2026-04-27 16:00:00+00:00,61040
2026-04-27 17:00:00+00:00,63673
2026-04-27 18:00:00+00:00,66411
2026-04-27 19:00:00+00:00,69045
2026-04-27 20:00:00+00:00,71525
2026-04-27 21:00:00+00:00,73239
2026-04-27 22:00:00+00:00,74692
2026-04-27 23:00:00+00:00,74471
2026-04-28 00:00:00+00:00,71485
2026-04-28 01:00:00+00:00,67920
2026-04-28 02:00:00+00:00,65690
2026-04-28 03:00:00+00:00,63142
2026-04-28 04:00:00+00:00,59803
2026-04-28 05:00:00+00:00,58239
2026-04-28 06:00:00+00:00,55781
2026-04-28 07:00:00+00:00,53944
2026-04-28 08:00:00+00:00,52360
2026-04-28 09:00:00+00:00,51596
2026-04-28 10:00:00+00:00,51817
2026-04-28 11:00:00+00:00,53110
2026-04-28 12:00:00+00:00,55242
2026-04-28 13:00:00+00:00,56000
2026-04-28 14:00:00+00:00,57038
2026-04-28 15:00:00+00:00,58930
2026-04-28 16:00:00+00:00,61190
2026-04-28 17:00:00+00:00,63577
2026-04-28 18:00:00+00:00,65816
2026-04-28 19:00:00+00:00,68142
2026-04-28 20:00:00+00:00,70017
2026-04-28 21:00:00+00:00,71257
2026-04-28 22:00:00+00:00,71802
2026-04-28 23:00:00+00:00,71414
2026-04-29 00:00:00+00:00,69374
2026-04-29 01:00:00+00:00,66372
2026-04-29 02:00:00+00:00,65155
2026-04-29 03:00:00+00:00,63742
2026-04-29 04:00:00+00:00,60526
2026-04-29 05:00:00+00:00,56966
2026-04-29 06:00:00+00:00,53894
2026-04-29 07:00:00+00:00,51206
2026-04-29 08:00:00+00:00,49151
2026-04-29 09:00:00+00:00,48004
2026-04-29 10:00:00+00:00,48378
2026-04-29 11:00:00+00:00,49564
2026-04-29 12:00:00+00:00,51419
2026-04-29 13:00:00+00:00,52655
2026-04-29 14:00:00+00:00,53997
2026-04-29 15:00:00+00:00,55283
2026-04-29 16:00:00+00:00,56675
2026-04-29 17:00:00+00:00,58143
2026-04-29 18:00:00+00:00,59293
2026-04-29 19:00:00+00:00,60325
2026-04-29 20:00:00+00:00,60659
2026-04-29 21:00:00+00:00,60284
2026-04-29 22:00:00+00:00,60763
2026-04-29 23:00:00+00:00,60417
2026-04-30 00:00:00+00:00,59289
2026-04-30 01:00:00+00:00,58123
2026-04-30 02:00:00+00:00,57713
2026-04-30 03:00:00+00:00,56313
2026-04-30 04:00:00+00:00,53589
2026-04-30 05:00:00+00:00,50695
2026-04-30 06:00:00+00:00,48279
2026-04-30 07:00:00+00:00,46486
2026-04-30 08:00:00+00:00,45453
2026-04-30 09:00:00+00:00,44641
2026-04-30 10:00:00+00:00,44968
2026-04-30 11:00:00+00:00,46287
2026-04-30 12:00:00+00:00,48511
2026-04-30 13:00:00+00:00,49391
2026-04-30 14:00:00+00:00,50383
2026-04-30 15:00:00+00:00,51492
2026-04-30 16:00:00+00:00,52866
2026-04-30 17:00:00+00:00,54317
2026-04-30 18:00:00+00:00,55725
2026-04-30 19:00:00+00:00,56897
2026-04-30 20:00:00+00:00,57154
2026-04-30 21:00:00+00:00,57267
2026-04-30 22:00:00+00:00,57007
2026-04-30 23:00:00+00:00,56864
2026-05-01 00:00:00+00:00,56058
2026-05-01 01:00:00+00:00,55363
2026-05-01 02:00:00+00:00,55331
2026-05-01 03:00:00+00:00,54168
2026-05-01 04:00:00+00:00,51525
2026-05-01 05:00:00+00:00,48641
2026-05-01 06:00:00+00:00,46397
2026-05-01 07:00:00+00:00,44791
2026-05-01 08:00:00+00:00,43574
2026-05-01 09:00:00+00:00,43171
2026-05-01 10:00:00+00:00,43348
2026-05-01 11:00:00+00:00,44541
2026-05-01 12:00:00+00:00,46765
2026-05-01 13:00:00+00:00,47873
2026-05-01 14:00:00+00:00,48771
2026-05-01 15:00:00+00:00,49751
2026-05-01 16:00:00+00:00,50193
2026-05-01 17:00:00+00:00,50227
2026-05-01 18:00:00+00:00,50132
2026-05-01 19:00:00+00:00,50020
2026-05-01 20:00:00+00:00,49930
2026-05-01 21:00:00+00:00,49899
2026-05-01 22:00:00+00:00,49909
2026-05-01 23:00:00+00:00,49729
2026-05-02 00:00:00+00:00,49311
2026-05-02 01:00:00+00:00,48855
2026-05-02 02:00:00+00:00,49149
2026-05-02 03:00:00+00:00,48763
2026-05-02 04:00:00+00:00,47251
2026-05-02 05:00:00+00:00,45195
2026-05-02 06:00:00+00:00,43355
2026-05-02 07:00:00+00:00,42067
2026-05-02 08:00:00+00:00,40980
2026-05-02 09:00:00+00:00,40635
2026-05-02 10:00:00+00:00,40673
2026-05-02 11:00:00+00:00,40961
2026-05-02 12:00:00+00:00,41739
2026-05-02 13:00:00+00:00,42329
2026-05-02 14:00:00+00:00,44928
2026-05-02 15:00:00+00:00,45782
2026-05-02 16:00:00+00:00,46189
2026-05-02 17:00:00+00:00,46783
2026-05-02 18:00:00+00:00,47179
2026-05-02 19:00:00+00:00,47680
2026-05-02 20:00:00+00:00,48424
2026-05-02 21:00:00+00:00,49742
2026-05-02 22:00:00+00:00,51205
2026-05-02 23:00:00+00:00,52358
2026-05-03 00:00:00+00:00,52522
2026-05-03 01:00:00+00:00,51477
2026-05-03 02:00:00+00:00,50967
2026-05-03 03:00:00+00:00,50070
2026-05-03 04:00:00+00:00,48046
2026-05-03 05:00:00+00:00,45944
2026-05-03 06:00:00+00:00,44039
2026-05-03 07:00:00+00:00,42584
2026-05-03 08:00:00+00:00,41533
2026-05-03 09:00:00+00:00,41078
2026-05-03 10:00:00+00:00,40951
2026-05-03 11:00:00+00:00,41087
2026-05-03 12:00:00+00:00,41448
2026-05-03 13:00:00+00:00,42083
2026-05-03 14:00:00+00:00,43331
2026-05-03 15:00:00+00:00,44740
2026-05-03 16:00:00+00:00,46040
2026-05-03 17:00:00+00:00,47338
2026-05-03 18:00:00+00:00,48964
2026-05-03 19:00:00+00:00,51085
2026-05-03 20:00:00+00:00,52971
2026-05-03 21:00:00+00:00,54910
2026-05-03 22:00:00+00:00,56622
2026-05-03 23:00:00+00:00,57527
2026-05-04 00:00:00+00:00,57503
2026-05-04 01:00:00+00:00,56171
2026-05-04 02:00:00+00:00,55474
2026-05-04 03:00:00+00:00,54235
2026-05-04 04:00:00+00:00,51468
2026-05-04 05:00:00+00:00,48256
2026-05-04 06:00:00+00:00,45507
2026-05-04 07:00:00+00:00,43703
2026-05-04 08:00:00+00:00,42622
2026-05-04 09:00:00+00:00,42200
2026-05-04 10:00:00+00:00,42482
2026-05-04 11:00:00+00:00,44087
2026-05-04 12:00:00+00:00,46450
2026-05-04 13:00:00+00:00,47453
2026-05-04 14:00:00+00:00,48468
2026-05-04 15:00:00+00:00,50006
2026-05-04 16:00:00+00:00,51908
2026-05-04 17:00:00+00:00,53457
2026-05-04 18:00:00+00:00,55093
2026-05-04 19:00:00+00:00,56986
2026-05-04 20:00:00+00:00,58876
2026-05-04 21:00:00+00:00,60492
2026-05-04 22:00:00+00:00,61917
2026-05-04 23:00:00+00:00,62431
2026-05-05 00:00:00+00:00,61785
2026-05-05 01:00:00+00:00,60675
2026-05-05 02:00:00+00:00,60634
2026-05-05 03:00:00+00:00,59338
2026-05-05 04:00:00+00:00,56079
2026-05-05 05:00:00+00:00,52621
2026-05-05 06:00:00+00:00,49963
2026-05-05 07:00:00+00:00,48177
2026-05-05 08:00:00+00:00,47071
2026-05-05 09:00:00+00:00,46621
2026-05-05 10:00:00+00:00,46860
2026-05-05 11:00:00+00:00,48299
2026-05-05 12:00:00+00:00,50819
2026-05-05 13:00:00+00:00,51815
2026-05-05 14:00:00+00:00,52760
2026-05-05 15:00:00+00:00,54058
2026-05-05 16:00:00+00:00,55743
2026-05-05 17:00:00+00:00,57501
2026-05-05 18:00:00+00:00,59439
2026-05-05 19:00:00+00:00,61645
2026-05-05 20:00:00+00:00,63838
2026-05-05 21:00:00+00:00,66279
2026-05-05 22:00:00+00:00,68098
2026-05-05 23:00:00+00:00,68590
2026-05-06 00:00:00+00:00,66994
2026-05-06 01:00:00+00:00,64942
2026-05-06 02:00:00+00:00,63707
2026-05-06 03:00:00+00:00,61552
2026-05-06 04:00:00+00:00,58009
2026-05-06 05:00:00+00:00,54120
2026-05-06 06:00:00+00:00,51002
2026-05-06 07:00:00+00:00,49099
2026-05-06 08:00:00+00:00,47794
2026-05-06 09:00:00+00:00,47186
2026-05-06 10:00:00+00:00,47186
2026-05-06 11:00:00+00:00,48330
2026-05-06 12:00:00+00:00,50756
2026-05-06 13:00:00+00:00,51859
2026-05-06 14:00:00+00:00,52586
2026-05-06 15:00:00+00:00,53819
2026-05-06 16:00:00+00:00,54718
2026-05-06 17:00:00+00:00,55103
2026-05-06 18:00:00+00:00,56073
2026-05-06 19:00:00+00:00,57726
2026-05-06 20:00:00+00:00,59180
2026-05-06 21:00:00+00:00,60101
2026-05-06 22:00:00+00:00,60673
2026-05-06 23:00:00+00:00,60586
2026-05-07 00:00:00+00:00,59509
2026-05-07 01:00:00+00:00,58158
2026-05-07 02:00:00+00:00,57533
2026-05-07 03:00:00+00:00,56130
2026-05-07 04:00:00+00:00,53238
2026-05-07 05:00:00+00:00,50087
2026-05-07 06:00:00+00:00,47438
2026-05-07 07:00:00+00:00,45675
2026-05-07 08:00:00+00:00,44461
2026-05-07 09:00:00+00:00,43959
2026-05-07 10:00:00+00:00,44079
2026-05-07 11:00:00+00:00,45359
2026-05-07 12:00:00+00:00,47660
2026-05-07 13:00:00+00:00,48534
2026-05-07 14:00:00+00:00,49004
2026-05-07 15:00:00+00:00,49394
2026-05-07 16:00:00+00:00,49771
2026-05-07 17:00:00+00:00,50176
2026-05-07 18:00:00+00:00,50704
2026-05-07 19:00:00+00:00,51803
2026-05-07 20:00:00+00:00,52866
2026-05-07 21:00:00+00:00,53964
2026-05-07 22:00:00+00:00,54889
2026-05-07 23:00:00+00:00,54998
2026-05-08 00:00:00+00:00,54369
2026-05-08 01:00:00+00:00,53952
2026-05-08 02:00:00+00:00,54414
2026-05-08 03:00:00+00:00,53565
2026-05-08 04:00:00+00:00,50990
2026-05-08 05:00:00+00:00,48007
2026-05-08 06:00:00+00:00,45578
2026-05-08 07:00:00+00:00,43935
2026-05-08 08:00:00+00:00,43002
2026-05-08 09:00:00+00:00,42463
2026-05-08 10:00:00+00:00,42771
2026-05-08 11:00:00+00:00,44162
2026-05-08 12:00:00+00:00,46487
2026-05-08 13:00:00+00:00,47569
2026-05-08 14:00:00+00:00,48754
2026-05-08 15:00:00+00:00,49939
2026-05-08 16:00:00+00:00,50944
2026-05-08 17:00:00+00:00,51877
2026-05-08 18:00:00+00:00,52939
2026-05-08 19:00:00+00:00,54479
2026-05-08 20:00:00+00:00,55795
2026-05-08 21:00:00+00:00,56663
2026-05-08 22:00:00+00:00,57506
2026-05-08 23:00:00+00:00,57977
2026-05-09 00:00:00+00:00,57213
2026-05-09 01:00:00+00:00,56090
2026-05-09 02:00:00+00:00,56294
2026-05-09 03:00:00+00:00,55901
2026-05-09 04:00:00+00:00,54132
2026-05-09 05:00:00+00:00,52011
2026-05-09 06:00:00+00:00,49766
2026-05-09 07:00:00+00:00,47859
2026-05-09 08:00:00+00:00,46685
2026-05-09 09:00:00+00:00,45842
2026-05-09 10:00:00+00:00,45772
2026-05-09 11:00:00+00:00,46160
2026-05-09 12:00:00+00:00,46716
2026-05-09 13:00:00+00:00,47436
2026-05-09 14:00:00+00:00,49753
2026-05-09 15:00:00+00:00,52293
2026-05-09 16:00:00+00:00,54450
2026-05-09 17:00:00+00:00,56958
2026-05-09 18:00:00+00:00,59895
2026-05-09 19:00:00+00:00,63091
2026-05-09 20:00:00+00:00,65934
2026-05-09 21:00:00+00:00,68277
2026-05-09 22:00:00+00:00,69767
2026-05-09 23:00:00+00:00,70247
2026-05-10 00:00:00+00:00,69188
2026-05-10 01:00:00+00:00,66724
2026-05-10 02:00:00+00:00,64251
2026-05-10 03:00:00+00:00,62184
2026-05-10 04:00:00+00:00,59640
2026-05-10 05:00:00+00:00,56672
2026-05-10 06:00:00+00:00,53573
2026-05-10 07:00:00+00:00,51137
2026-05-10 08:00:00+00:00,49292
2026-05-10 09:00:00+00:00,47872
2026-05-10 10:00:00+00:00,47014
2026-05-10 11:00:00+00:00,46616
2026-05-10 12:00:00+00:00,46434
2026-05-10 13:00:00+00:00,46698
2026-05-10 14:00:00+00:00,49044
2026-05-10 15:00:00+00:00,52283
2026-05-10 16:00:00+00:00,55570
2026-05-10 17:00:00+00:00,58688
2026-05-10 18:00:00+00:00,60491
2026-05-10 19:00:00+00:00,62370
2026-05-10 20:00:00+00:00,63992
2026-05-10 21:00:00+00:00,64856
2026-05-10 22:00:00+00:00,65191
2026-05-10 23:00:00+00:00,64612
2026-05-11 00:00:00+00:00,63645
2026-05-11 01:00:00+00:00,61974
2026-05-11 02:00:00+00:00,61095
2026-05-11 03:00:00+00:00,59320
2026-05-11 04:00:00+00:00,55715
2026-05-11 05:00:00+00:00,52017
2026-05-11 06:00:00+00:00,49097
2026-05-11 07:00:00+00:00,46980
2026-05-11 08:00:00+00:00,45503
2026-05-11 09:00:00+00:00,44515
2026-05-11 10:00:00+00:00,44492
2026-05-11 11:00:00+00:00,45702
2026-05-11 12:00:00+00:00,48164
2026-05-11 13:00:00+00:00,49279
2026-05-11 14:00:00+00:00,49942
2026-05-11 15:00:00+00:00,50886
2026-05-11 16:00:00+00:00,52514
2026-05-11 17:00:00+00:00,54165
2026-05-11 18:00:00+00:00,55603
2026-05-11 19:00:00+00:00,57525
2026-05-11 20:00:00+00:00,59161
2026-05-11 21:00:00+00:00,60575
2026-05-11 22:00:00+00:00,62060
2026-05-11 23:00:00+00:00,63107
2026-05-12 00:00:00+00:00,62875
2026-05-12 01:00:00+00:00,61223
2026-05-12 02:00:00+00:00,59596
2026-05-12 03:00:00+00:00,57914
2026-05-12 04:00:00+00:00,54446
2026-05-12 05:00:00+00:00,50873
2026-05-12 06:00:00+00:00,47954
2026-05-12 07:00:00+00:00,45928
2026-05-12 08:00:00+00:00,44454
2026-05-12 09:00:00+00:00,43682
2026-05-12 10:00:00+00:00,43682
2026-05-12 11:00:00+00:00,44929
2026-05-12 12:00:00+00:00,47122
2026-05-12 13:00:00+00:00,48376
2026-05-12 14:00:00+00:00,49835
2026-05-12 15:00:00+00:00,51438
2026-05-12 16:00:00+00:00,53623
2026-05-12 17:00:00+00:00,55990
2026-05-12 18:00:00+00:00,58646
2026-05-12 19:00:00+00:00,61258
2026-05-12 20:00:00+00:00,63831
2026-05-12 21:00:00+00:00,66446
2026-05-12 22:00:00+00:00,68514
2026-05-12 23:00:00+00:00,69495
2026-05-13 00:00:00+00:00,68670
2026-05-13 01:00:00+00:00,66107
2026-05-13 02:00:00+00:00,63665
2026-05-13 03:00:00+00:00,61522
2026-05-13 04:00:00+00:00,57663
2026-05-13 05:00:00+00:00,53541
2026-05-13 06:00:00+00:00,50042
2026-05-13 07:00:00+00:00,47856
2026-05-13 08:00:00+00:00,46209
2026-05-13 09:00:00+00:00,45219
2026-05-13 10:00:00+00:00,45075
2026-05-13 11:00:00+00:00,46082
2026-05-13 12:00:00+00:00,47694
2026-05-13 13:00:00+00:00,48663
2026-05-13 14:00:00+00:00,51225
2026-05-13 15:00:00+00:00,53783
2026-05-13 16:00:00+00:00,56649
2026-05-13 17:00:00+00:00,59771
2026-05-13 18:00:00+00:00,63064
2026-05-13 19:00:00+00:00,66510
2026-05-13 20:00:00+00:00,69387
2026-05-13 21:00:00+00:00,71935
2026-05-13 22:00:00+00:00,73808
2026-05-13 23:00:00+00:00,74662
2026-05-14 00:00:00+00:00,73545
2026-05-14 01:00:00+00:00,70783
2026-05-14 02:00:00+00:00,67665
2026-05-14 03:00:00+00:00,65130
2026-05-14 04:00:00+00:00,61226
2026-05-14 05:00:00+00:00,56947
2026-05-14 06:00:00+00:00,53159
2026-05-14 07:00:00+00:00,50320
2026-05-14 08:00:00+00:00,48358
2026-05-14 09:00:00+00:00,47085
2026-05-14 10:00:00+00:00,46772
2026-05-14 11:00:00+00:00,47654
2026-05-14 12:00:00+00:00,49383
2026-05-14 13:00:00+00:00,50686
2026-05-14 14:00:00+00:00,53056
2026-05-14 15:00:00+00:00,55717
2026-05-14 16:00:00+00:00,58920
2026-05-14 17:00:00+00:00,62023
2026-05-14 18:00:00+00:00,65033
2026-05-14 19:00:00+00:00,68381
2026-05-14 20:00:00+00:00,71081
2026-05-14 21:00:00+00:00,73076
2026-05-14 22:00:00+00:00,74659
2026-05-14 23:00:00+00:00,74786
2026-05-15 00:00:00+00:00,73308
2026-05-15 01:00:00+00:00,70629
2026-05-15 02:00:00+00:00,68264
2026-05-15 03:00:00+00:00,65265
2026-05-15 04:00:00+00:00,61021
2026-05-15 05:00:00+00:00,56989
2026-05-15 06:00:00+00:00,53657
2026-05-15 07:00:00+00:00,51115
2026-05-15 08:00:00+00:00,49352
2026-05-15 09:00:00+00:00,48357
2026-05-15 10:00:00+00:00,48262
2026-05-15 11:00:00+00:00,49276
2026-05-15 12:00:00+00:00,51008
2026-05-15 13:00:00+00:00,52153
2026-05-15 14:00:00+00:00,54168
2026-05-15 15:00:00+00:00,56393
2026-05-15 16:00:00+00:00,58842
2026-05-15 17:00:00+00:00,61478
2026-05-15 18:00:00+00:00,64372
2026-05-15 19:00:00+00:00,66918
2026-05-15 20:00:00+00:00,69293
2026-05-15 21:00:00+00:00,70901
2026-05-15 22:00:00+00:00,70818
2026-05-15 23:00:00+00:00,69679
2026-05-16 00:00:00+00:00,67540
2026-05-16 01:00:00+00:00,65520
2026-05-16 02:00:00+00:00,64446
2026-05-16 03:00:00+00:00,63054
2026-05-16 04:00:00+00:00,60548
2026-05-16 05:00:00+00:00,57591
2026-05-16 06:00:00+00:00,54859
2026-05-16 07:00:00+00:00,52310
2026-05-16 08:00:00+00:00,50389
2026-05-16 09:00:00+00:00,49066
2026-05-16 10:00:00+00:00,48306
2026-05-16 11:00:00+00:00,48054
2026-05-16 12:00:00+00:00,48292
2026-05-16 13:00:00+00:00,49108
2026-05-16 14:00:00+00:00,51813
2026-05-16 15:00:00+00:00,55034
2026-05-16 16:00:00+00:00,57945
2026-05-16 17:00:00+00:00,60573
2026-05-16 18:00:00+00:00,62950
2026-05-16 19:00:00+00:00,65089
2026-05-16 20:00:00+00:00,67103
2026-05-16 21:00:00+00:00,68990
2026-05-16 22:00:00+00:00,70193
2026-05-16 23:00:00+00:00,70395
2026-05-17 00:00:00+00:00,69720
2026-05-17 01:00:00+00:00,67328
2026-05-17 02:00:00+00:00,65616
2026-05-17 03:00:00+00:00,64190
2026-05-17 04:00:00+00:00,61470
2026-05-17 05:00:00+00:00,58761
2026-05-17 06:00:00+00:00,56441
2026-05-17 07:00:00+00:00,54484
2026-05-17 08:00:00+00:00,52953
2026-05-17 09:00:00+00:00,51857
2026-05-17 10:00:00+00:00,51323
2026-05-17 11:00:00+00:00,51224
2026-05-17 12:00:00+00:00,51304
2026-05-17 13:00:00+00:00,51921
2026-05-17 14:00:00+00:00,54017
2026-05-17 15:00:00+00:00,56702
2026-05-17 16:00:00+00:00,59320
2026-05-17 17:00:00+00:00,61709
2026-05-17 18:00:00+00:00,63606
2026-05-17 19:00:00+00:00,65271
2026-05-17 20:00:00+00:00,66436
2026-05-17 21:00:00+00:00,67454
2026-05-17 22:00:00+00:00,68330
2026-05-17 23:00:00+00:00,68969
2026-05-18 00:00:00+00:00,68127
2026-05-18 01:00:00+00:00,66995
2026-05-18 02:00:00+00:00,66594
2026-05-18 03:00:00+00:00,65836
2026-05-18 04:00:00+00:00,63219
2026-05-18 05:00:00+00:00,60007
2026-05-18 06:00:00+00:00,57453
2026-05-18 07:00:00+00:00,55571
2026-05-18 08:00:00+00:00,54432
2026-05-18 09:00:00+00:00,53889
2026-05-18 10:00:00+00:00,54383
2026-05-18 11:00:00+00:00,55830
2026-05-18 12:00:00+00:00,57860
2026-05-18 13:00:00+00:00,58736
2026-05-18 14:00:00+00:00,59824
2026-05-18 15:00:00+00:00,61666
2026-05-18 16:00:00+00:00,63921
2026-05-18 17:00:00+00:00,66699
2026-05-18 18:00:00+00:00,69223
2026-05-18 19:00:00+00:00,71571
2026-05-18 20:00:00+00:00,73503
2026-05-18 21:00:00+00:00,75140
2026-05-18 22:00:00+00:00,76276
2026-05-18 23:00:00+00:00,76485
2026-05-19 00:00:00+00:00,75299
2026-05-19 01:00:00+00:00,73305
2026-05-19 02:00:00+00:00,71869
2026-05-19 03:00:00+00:00,70037
2026-05-19 04:00:00+00:00,66784
2026-05-19 05:00:00+00:00,63302
2026-05-19 06:00:00+00:00,60045
2026-05-19 07:00:00+00:00,57645
2026-05-19 08:00:00+00:00,55878
2026-05-19 09:00:00+00:00,54590
2026-05-19 10:00:00+00:00,54439
2026-05-19 11:00:00+00:00,55235
2026-05-19 12:00:00+00:00,56695
2026-05-19 13:00:00+00:00,57021
2026-05-19 14:00:00+00:00,58055
2026-05-19 15:00:00+00:00,59451
2026-05-19 16:00:00+00:00,61095
2026-05-19 17:00:00+00:00,63804
2026-05-19 18:00:00+00:00,66891
2026-05-19 19:00:00+00:00,68802
2026-05-19 20:00:00+00:00,69354
2026-05-19 21:00:00+00:00,69229
2026-05-19 22:00:00+00:00,69074
2026-05-19 23:00:00+00:00,68507
2026-05-20 00:00:00+00:00,66424
2026-05-20 01:00:00+00:00,64339
2026-05-20 02:00:00+00:00,63221
2026-05-20 03:00:00+00:00,61298
2026-05-20 04:00:00+00:00,56866
2026-05-20 05:00:00+00:00,52412
2026-05-20 06:00:00+00:00,49298
2026-05-20 07:00:00+00:00,47169
2026-05-20 08:00:00+00:00,45834
2026-05-20 09:00:00+00:00,45073
2026-05-20 10:00:00+00:00,45206
2026-05-20 11:00:00+00:00,46476
2026-05-20 12:00:00+00:00,48675
2026-05-20 13:00:00+00:00,49617
2026-05-20 14:00:00+00:00,50279
2026-05-20 15:00:00+00:00,51267
2026-05-20 16:00:00+00:00,52328
2026-05-20 17:00:00+00:00,53551
2026-05-20 18:00:00+00:00,54671
2026-05-20 19:00:00+00:00,56300
2026-05-20 20:00:00+00:00,58207
2026-05-20 21:00:00+00:00,60402
2026-05-20 22:00:00+00:00,62841
2026-05-20 23:00:00+00:00,64033
2026-05-21 00:00:00+00:00,63631
2026-05-21 01:00:00+00:00,61722
2026-05-21 02:00:00+00:00,60890
2026-05-21 03:00:00+00:00,59759
2026-05-21 04:00:00+00:00,57016
2026-05-21 05:00:00+00:00,53886
2026-05-21 06:00:00+00:00,50632
2026-05-21 07:00:00+00:00,48711
2026-05-21 08:00:00+00:00,47420
2026-05-21 09:00:00+00:00,46713
2026-05-21 10:00:00+00:00,46805
2026-05-21 11:00:00+00:00,47950
2026-05-21 12:00:00+00:00,49839
2026-05-21 13:00:00+00:00,50847
2026-05-21 14:00:00+00:00,51490
2026-05-21 15:00:00+00:00,51895
2026-05-21 16:00:00+00:00,53157
2026-05-21 17:00:00+00:00,54172
2026-05-21 18:00:00+00:00,55179
2026-05-21 19:00:00+00:00,56447
2026-05-21 20:00:00+00:00,57609
2026-05-21 21:00:00+00:00,58413
2026-05-21 22:00:00+00:00,59149
2026-05-21 23:00:00+00:00,60072
2026-05-22 00:00:00+00:00,59467
2026-05-22 01:00:00+00:00,58356
2026-05-22 02:00:00+00:00,57561
2026-05-22 03:00:00+00:00,56408
2026-05-22 04:00:00+00:00,53826
2026-05-22 05:00:00+00:00,50979
2026-05-22 06:00:00+00:00,48383
2026-05-22 07:00:00+00:00,46586
2026-05-22 08:00:00+00:00,45423
2026-05-22 09:00:00+00:00,44768
2026-05-22 10:00:00+00:00,44978
2026-05-22 11:00:00+00:00,46202
2026-05-22 12:00:00+00:00,47905
2026-05-22 13:00:00+00:00,49314
2026-05-22 14:00:00+00:00,51373
2026-05-22 15:00:00+00:00,54145
2026-05-22 16:00:00+00:00,57102
2026-05-22 17:00:00+00:00,60086
2026-05-22 18:00:00+00:00,62775
2026-05-22 19:00:00+00:00,65797
2026-05-22 20:00:00+00:00,68375
2026-05-22 21:00:00+00:00,70351
2026-05-22 22:00:00+00:00,71912
2026-05-22 23:00:00+00:00,72151
2026-05-23 00:00:00+00:00,70846
2026-05-23 01:00:00+00:00,68396
2026-05-23 02:00:00+00:00,66054
2026-05-23 03:00:00+00:00,64031
2026-05-23 04:00:00+00:00,60952
2026-05-23 05:00:00+00:00,57485
2026-05-23 06:00:00+00:00,54327
2026-05-23 07:00:00+00:00,51692
2026-05-23 08:00:00+00:00,49652
2026-05-23 09:00:00+00:00,47982
2026-05-23 10:00:00+00:00,47041
2026-05-23 11:00:00+00:00,46556
2026-05-23 12:00:00+00:00,46141
2026-05-23 13:00:00+00:00,46329
2026-05-23 14:00:00+00:00,48495
2026-05-23 15:00:00+00:00,51230
2026-05-23 16:00:00+00:00,53704
2026-05-23 17:00:00+00:00,55829
2026-05-23 18:00:00+00:00,57478
2026-05-23 19:00:00+00:00,58248
2026-05-23 20:00:00+00:00,58660
2026-05-23 21:00:00+00:00,59065
2026-05-23 22:00:00+00:00,59825
2026-05-23 23:00:00+00:00,60512
2026-05-24 00:00:00+00:00,60282
2026-05-24 01:00:00+00:00,59042
2026-05-24 02:00:00+00:00,57854
2026-05-24 03:00:00+00:00,56837
2026-05-24 04:00:00+00:00,54386
2026-05-24 05:00:00+00:00,51783
2026-05-24 06:00:00+00:00,49318
2026-05-24 07:00:00+00:00,47077
2026-05-24 08:00:00+00:00,45719
2026-05-24 09:00:00+00:00,44822
2026-05-24 10:00:00+00:00,44207
2026-05-24 11:00:00+00:00,43875
2026-05-24 12:00:00+00:00,43792
2026-05-24 13:00:00+00:00,44685
2026-05-24 14:00:00+00:00,47227
2026-05-24 15:00:00+00:00,50399
2026-05-24 16:00:00+00:00,53566
2026-05-24 17:00:00+00:00,57078
2026-05-24 18:00:00+00:00,60456
2026-05-24 19:00:00+00:00,63401
2026-05-24 20:00:00+00:00,65728
2026-05-24 21:00:00+00:00,67490
2026-05-24 22:00:00+00:00,67749
2026-05-24 23:00:00+00:00,66716
2026-05-25 00:00:00+00:00,65024
2026-05-25 01:00:00+00:00,62847
2026-05-25 02:00:00+00:00,60879
2026-05-25 03:00:00+00:00,59174
2026-05-25 04:00:00+00:00,56549
2026-05-25 05:00:00+00:00,53519
2026-05-25 06:00:00+00:00,50691
2026-05-25 07:00:00+00:00,48428
2026-05-25 08:00:00+00:00,46806
2026-05-25 09:00:00+00:00,45713
2026-05-25 10:00:00+00:00,45454
2026-05-25 11:00:00+00:00,45763
2026-05-25 12:00:00+00:00,45903
2026-05-25 13:00:00+00:00,46593
2026-05-25 14:00:00+00:00,49292
2026-05-25 15:00:00+00:00,52664
2026-05-25 16:00:00+00:00,56623
2026-05-25 17:00:00+00:00,60484
2026-05-25 18:00:00+00:00,63886
2026-05-25 19:00:00+00:00,66730
2026-05-25 20:00:00+00:00,68780
2026-05-25 21:00:00+00:00,69679
2026-05-25 22:00:00+00:00,69642
2026-05-25 23:00:00+00:00,69147
2026-05-26 00:00:00+00:00,67443
2026-05-26 01:00:00+00:00,65160
2026-05-26 02:00:00+00:00,63418
2026-05-26 03:00:00+00:00,61345
2026-05-26 04:00:00+00:00,57844
2026-05-26 05:00:00+00:00,54247
2026-05-26 06:00:00+00:00,51227
2026-05-26 07:00:00+00:00,48948
2026-05-26 08:00:00+00:00,47250
2026-05-26 09:00:00+00:00,46321
2026-05-26 10:00:00+00:00,46398
2026-05-26 11:00:00+00:00,47587
2026-05-26 12:00:00+00:00,49146
2026-05-26 13:00:00+00:00,50800
2026-05-26 14:00:00+00:00,52800
2026-05-26 15:00:00+00:00,55154
2026-05-26 16:00:00+00:00,57643
2026-05-26 17:00:00+00:00,61009
2026-05-26 18:00:00+00:00,64173
2026-05-26 19:00:00+00:00,66661
2026-05-26 20:00:00+00:00,68515
2026-05-26 21:00:00+00:00,69079
2026-05-26 22:00:00+00:00,70031
2026-05-26 23:00:00+00:00,70269
2026-05-27 00:00:00+00:00,68708
2026-05-27 01:00:00+00:00,65912
2026-05-27 02:00:00+00:00,63208
2026-05-27 03:00:00+00:00,60630
2026-05-27 04:00:00+00:00,56902
2026-05-27 05:00:00+00:00,53834
2026-05-27 06:00:00+00:00,51151
2026-05-27 07:00:00+00:00,49012
2026-05-27 08:00:00+00:00,47614
2026-05-27 09:00:00+00:00,46005
2026-05-27 10:00:00+00:00,45583
2026-05-27 11:00:00+00:00,46334
2026-05-27 12:00:00+00:00,47837
2026-05-27 13:00:00+00:00,49084
2026-05-27 14:00:00+00:00,50475
2026-05-27 15:00:00+00:00,51764
2026-05-27 16:00:00+00:00,53214
2026-05-27 17:00:00+00:00,54258
2026-05-27 18:00:00+00:00,55278
2026-05-27 19:00:00+00:00,56359
2026-05-27 20:00:00+00:00,57683
2026-05-27 21:00:00+00:00,59376
2026-05-27 22:00:00+00:00,60840
2026-05-27 23:00:00+00:00,61659
2026-05-28 00:00:00+00:00,61474
2026-05-28 01:00:00+00:00,60340
2026-05-28 02:00:00+00:00,59182
2026-05-28 03:00:00+00:00,58450
2026-05-28 04:00:00+00:00,55502
2026-05-28 05:00:00+00:00,52222
2026-05-28 06:00:00+00:00,49521
2026-05-28 07:00:00+00:00,47594
2026-05-28 08:00:00+00:00,46171
2026-05-28 09:00:00+00:00,45321
2026-05-28 10:00:00+00:00,45113
2026-05-28 11:00:00+00:00,46253
2026-05-28 12:00:00+00:00,47820
2026-05-28 13:00:00+00:00,49153
2026-05-28 14:00:00+00:00,51288
2026-05-28 15:00:00+00:00,53734
2026-05-28 16:00:00+00:00,56549
2026-05-28 17:00:00+00:00,59726
2026-05-28 18:00:00+00:00,63120
2026-05-28 19:00:00+00:00,66213
2026-05-28 20:00:00+00:00,68908
2026-05-28 21:00:00+00:00,71524
2026-05-28 22:00:00+00:00,73047
2026-05-28 23:00:00+00:00,73401
2026-05-29 00:00:00+00:00,71644
2026-05-29 01:00:00+00:00,69238
2026-05-29 02:00:00+00:00,66807
2026-05-29 03:00:00+00:00,65096
2026-05-29 04:00:00+00:00,61884
2026-05-29 05:00:00+00:00,58117
2026-05-29 06:00:00+00:00,54585
2026-05-29 07:00:00+00:00,51916
2026-05-29 08:00:00+00:00,50180
2026-05-29 09:00:00+00:00,49042
2026-05-29 10:00:00+00:00,48821
2026-05-29 11:00:00+00:00,49688
2026-05-29 12:00:00+00:00,50674
2026-05-29 13:00:00+00:00,52441
2026-05-29 14:00:00+00:00,55248
2026-05-29 15:00:00+00:00,58480
2026-05-29 16:00:00+00:00,62116
2026-05-29 17:00:00+00:00,65915
2026-05-29 18:00:00+00:00,69416
2026-05-29 19:00:00+00:00,72824
2026-05-29 20:00:00+00:00,75351
2026-05-29 21:00:00+00:00,76980
2026-05-29 22:00:00+00:00,77635
2026-05-29 23:00:00+00:00,77793
2026-05-30 00:00:00+00:00,76278
2026-05-30 01:00:00+00:00,73827
2026-05-30 02:00:00+00:00,70810
2026-05-30 03:00:00+00:00,68450
2026-05-30 04:00:00+00:00,65281
2026-05-30 05:00:00+00:00,61634
2026-05-30 06:00:00+00:00,58132
2026-05-30 07:00:00+00:00,55281
2026-05-30 08:00:00+00:00,53105
2026-05-30 09:00:00+00:00,51461
2026-05-30 10:00:00+00:00,50489
2026-05-30 11:00:00+00:00,50155
2026-05-30 12:00:00+00:00,49998
2026-05-30 13:00:00+00:00,51035
2026-05-30 14:00:00+00:00,53817
2026-05-30 15:00:00+00:00,57141
2026-05-30 16:00:00+00:00,60792
2026-05-30 17:00:00+00:00,64253
2026-05-30 18:00:00+00:00,67364
2026-05-30 19:00:00+00:00,70043
2026-05-30 20:00:00+00:00,72308
2026-05-30 21:00:00+00:00,74034
2026-05-30 22:00:00+00:00,74905
2026-05-30 23:00:00+00:00,74509
2026-05-31 00:00:00+00:00,73176
2026-05-31 01:00:00+00:00,70893
2026-05-31 02:00:00+00:00,68390
2026-05-31 03:00:00+00:00,66509
2026-05-31 04:00:00+00:00,63797
2026-05-31 05:00:00+00:00,60670
2026-05-31 06:00:00+00:00,57501
2026-05-31 07:00:00+00:00,54926
2026-05-31 08:00:00+00:00,52769
2026-05-31 09:00:00+00:00,51252
2026-05-31 10:00:00+00:00,50229
2026-05-31 11:00:00+00:00,49765
2026-05-31 12:00:00+00:00,49255
2026-05-31 13:00:00+00:00,50453
2026-05-31 14:00:00+00:00,53836
2026-05-31 15:00:00+00:00,57641
2026-05-31 16:00:00+00:00,61337
2026-05-31 17:00:00+00:00,64976
2026-05-31 18:00:00+00:00,68310
2026-05-31 19:00:00+00:00,71324
2026-05-31 20:00:00+00:00,73639
2026-05-31 21:00:00+00:00,75340
2026-05-31 22:00:00+00:00,76425
2026-05-31 23:00:00+00:00,76828
2026-06-01 00:00:00+00:00,76121
2026-06-01 01:00:00+00:00,73963
2026-06-01 02:00:00+00:00,71190
2026-06-01 03:00:00+00:00,68743
2026-06-01 04:00:00+00:00,64982
2026-06-01 05:00:00+00:00,61104
2026-06-01 06:00:00+00:00,57243
2026-06-01 07:00:00+00:00,54644
2026-06-01 08:00:00+00:00,52548
2026-06-01 09:00:00+00:00,51357
2026-06-01 10:00:00+00:00,51167
2026-06-01 11:00:00+00:00,52339
2026-06-01 12:00:00+00:00,53335
2026-06-01 13:00:00+00:00,55072
2026-06-01 14:00:00+00:00,58326
2026-06-01 15:00:00+00:00,61830
2026-06-01 16:00:00+00:00,65641
2026-06-01 17:00:00+00:00,69381
2026-06-01 18:00:00+00:00,72596
2026-06-01 19:00:00+00:00,75599
2026-06-01 20:00:00+00:00,77587
2026-06-01 21:00:00+00:00,78193
2026-06-01 22:00:00+00:00,78356
2026-06-01 23:00:00+00:00,78113
2026-06-02 00:00:00+00:00,77912
2026-06-02 01:00:00+00:00,76799
2026-06-02 02:00:00+00:00,74520
2026-06-02 03:00:00+00:00,72334
2026-06-02 04:00:00+00:00,68349
2026-06-02 05:00:00+00:00,63785
2026-06-02 06:00:00+00:00,59836
2026-06-02 07:00:00+00:00,56930
2026-06-02 08:00:00+00:00,54706
2026-06-02 09:00:00+00:00,53395
2026-06-02 10:00:00+00:00,52919
2026-06-02 11:00:00+00:00,53596
2026-06-02 12:00:00+00:00,54628
2026-06-02 13:00:00+00:00,56299
2026-06-02 14:00:00+00:00,59211
2026-06-02 15:00:00+00:00,62616
2026-06-02 16:00:00+00:00,66352
2026-06-02 17:00:00+00:00,70488
2026-06-02 18:00:00+00:00,74043
2026-06-02 19:00:00+00:00,76804
2026-06-02 20:00:00+00:00,77831
2026-06-02 21:00:00+00:00,77733
2026-06-02 22:00:00+00:00,76779
2026-06-02 23:00:00+00:00,74856
2026-06-03 00:00:00+00:00,72107
2026-06-03 01:00:00+00:00,69489
2026-06-03 02:00:00+00:00,66958
2026-06-03 03:00:00+00:00,64587
2026-06-03 04:00:00+00:00,60812
2026-06-03 05:00:00+00:00,56962
2026-06-03 06:00:00+00:00,53571
2026-06-03 07:00:00+00:00,50950
2026-06-03 08:00:00+00:00,48981
2026-06-03 09:00:00+00:00,47947
2026-06-03 10:00:00+00:00,47840
2026-06-03 11:00:00+00:00,48999
2026-06-03 12:00:00+00:00,50572
2026-06-03 13:00:00+00:00,51838
2026-06-03 14:00:00+00:00,54251
2026-06-03 15:00:00+00:00,56880
2026-06-03 16:00:00+00:00,60272
2026-06-03 17:00:00+00:00,63753
2026-06-03 18:00:00+00:00,66715
2026-06-03 19:00:00+00:00,68550
2026-06-03 20:00:00+00:00,69756
2026-06-03 21:00:00+00:00,70451
2026-06-03 22:00:00+00:00,71034
2026-06-03 23:00:00+00:00,70700
2026-06-04 00:00:00+00:00,69940
2026-06-04 01:00:00+00:00,67747
2026-06-04 02:00:00+00:00,65597
2026-06-04 03:00:00+00:00,63757
2026-06-04 04:00:00+00:00,60671
2026-06-04 05:00:00+00:00,57451
2026-06-04 06:00:00+00:00,54401
2026-06-04 07:00:00+00:00,51786
2026-06-04 08:00:00+00:00,50169
2026-06-04 09:00:00+00:00,49334
2026-06-04 10:00:00+00:00,49093
2026-06-04 11:00:00+00:00,50100
2026-06-04 12:00:00+00:00,51489
2026-06-04 13:00:00+00:00,52691
2026-06-04 14:00:00+00:00,54890
2026-06-04 15:00:00+00:00,57220
2026-06-04 16:00:00+00:00,60003
2026-06-04 17:00:00+00:00,62646
2026-06-04 18:00:00+00:00,65370
2026-06-04 19:00:00+00:00,68002
2026-06-04 20:00:00+00:00,69839
2026-06-04 21:00:00+00:00,70916
2026-06-04 22:00:00+00:00,72049
2026-06-04 23:00:00+00:00,71990
2026-06-05 00:00:00+00:00,70649
2026-06-05 01:00:00+00:00,68649
2026-06-05 02:00:00+00:00,66636
2026-06-05 03:00:00+00:00,64476
2026-06-05 04:00:00+00:00,61878
2026-06-05 05:00:00+00:00,58437
2026-06-05 06:00:00+00:00,55581
2026-06-05 07:00:00+00:00,53266
2026-06-05 08:00:00+00:00,51893
2026-06-05 09:00:00+00:00,50673
2026-06-05 10:00:00+00:00,50749
2026-06-05 11:00:00+00:00,51581
2026-06-05 12:00:00+00:00,52606
2026-06-05 13:00:00+00:00,53642
2026-06-05 14:00:00+00:00,55312
2026-06-05 15:00:00+00:00,57462
2026-06-05 16:00:00+00:00,60178
2026-06-05 17:00:00+00:00,62649
2026-06-05 18:00:00+00:00,64104
2026-06-05 19:00:00+00:00,65951
2026-06-05 20:00:00+00:00,67008
2026-06-05 21:00:00+00:00,67161
2026-06-05 22:00:00+00:00,66908
2026-06-05 23:00:00+00:00,66123
2026-06-06 00:00:00+00:00,64805
2026-06-06 01:00:00+00:00,63065
2026-06-06 02:00:00+00:00,61887
2026-06-06 03:00:00+00:00,61135
2026-06-06 04:00:00+00:00,58937
2026-06-06 05:00:00+00:00,56375
2026-06-06 06:00:00+00:00,53378
2026-06-06 07:00:00+00:00,51319
2026-06-06 08:00:00+00:00,50105
2026-06-06 09:00:00+00:00,49230
2026-06-06 10:00:00+00:00,48758
2026-06-06 11:00:00+00:00,48825
2026-06-06 12:00:00+00:00,49192
2026-06-06 13:00:00+00:00,49789
2026-06-06 14:00:00+00:00,52108
2026-06-06 15:00:00+00:00,55025
2026-06-06 16:00:00+00:00,58269
2026-06-06 17:00:00+00:00,61455
2026-06-06 18:00:00+00:00,64322
2026-06-06 19:00:00+00:00,66675
2026-06-06 20:00:00+00:00,68368
2026-06-06 21:00:00+00:00,70031
2026-06-06 22:00:00+00:00,71182
2026-06-06 23:00:00+00:00,71471
2026-06-07 00:00:00+00:00,69304
2026-06-07 01:00:00+00:00,66135
2026-06-07 02:00:00+00:00,63688
2026-06-07 03:00:00+00:00,61826
2026-06-07 04:00:00+00:00,59260
2026-06-07 05:00:00+00:00,57926
2026-06-07 06:00:00+00:00,55537
2026-06-07 07:00:00+00:00,53564
2026-06-07 08:00:00+00:00,52019
2026-06-07 09:00:00+00:00,51102
2026-06-07 10:00:00+00:00,50620
2026-06-07 11:00:00+00:00,50366
2026-06-07 12:00:00+00:00,50347
2026-06-07 13:00:00+00:00,50795
2026-06-07 14:00:00+00:00,53052
2026-06-07 15:00:00+00:00,56282
2026-06-07 16:00:00+00:00,59313
2026-06-07 17:00:00+00:00,61768
2026-06-07 18:00:00+00:00,63795
2026-06-07 19:00:00+00:00,65903
2026-06-07 20:00:00+00:00,68136
2026-06-07 21:00:00+00:00,70569
2026-06-07 22:00:00+00:00,72304
2026-06-07 23:00:00+00:00,73021
2026-06-08 00:00:00+00:00,72480
2026-06-08 01:00:00+00:00,71145
2026-06-08 02:00:00+00:00,69693
2026-06-08 03:00:00+00:00,68647
2026-06-08 04:00:00+00:00,65948
2026-06-08 05:00:00+00:00,62608
2026-06-08 06:00:00+00:00,59558
2026-06-08 07:00:00+00:00,57397
2026-06-08 08:00:00+00:00,55993
2026-06-08 09:00:00+00:00,55266
2026-06-08 10:00:00+00:00,55337
2026-06-08 11:00:00+00:00,56237
2026-06-08 12:00:00+00:00,57574
2026-06-08 13:00:00+00:00,58711
2026-06-08 14:00:00+00:00,60731
2026-06-08 15:00:00+00:00,63282
2026-06-08 16:00:00+00:00,66284
2026-06-08 17:00:00+00:00,69622
2026-06-08 18:00:00+00:00,72823
2026-06-08 19:00:00+00:00,75374
2026-06-08 20:00:00+00:00,76642
2026-06-08 21:00:00+00:00,77430
2026-06-08 22:00:00+00:00,77578
2026-06-08 23:00:00+00:00,77415
2026-06-09 00:00:00+00:00,76588
2026-06-09 01:00:00+00:00,74846
2026-06-09 02:00:00+00:00,72324
2026-06-09 03:00:00+00:00,70510
2026-06-09 04:00:00+00:00,66876
2026-06-09 05:00:00+00:00,63275
2026-06-09 06:00:00+00:00,59755
2026-06-09 07:00:00+00:00,57253
2026-06-09 08:00:00+00:00,55305
2026-06-09 09:00:00+00:00,54188
2026-06-09 10:00:00+00:00,54030
2026-06-09 11:00:00+00:00,54673
2026-06-09 12:00:00+00:00,55767
2026-06-09 13:00:00+00:00,56852
2026-06-09 14:00:00+00:00,59507
2026-06-09 15:00:00+00:00,62652
2026-06-09 16:00:00+00:00,65998
2026-06-09 17:00:00+00:00,69342
2026-06-09 18:00:00+00:00,72553
2026-06-09 19:00:00+00:00,75599
2026-06-09 20:00:00+00:00,77487
2026-06-09 21:00:00+00:00,78040
2026-06-09 22:00:00+00:00,78015
2026-06-09 23:00:00+00:00,77852
2026-06-10 00:00:00+00:00,77575
2026-06-10 01:00:00+00:00,76783
2026-06-10 02:00:00+00:00,74732
2026-06-10 03:00:00+00:00,72465
2026-06-10 04:00:00+00:00,68791
2026-06-10 05:00:00+00:00,64731
2026-06-10 06:00:00+00:00,61078
2026-06-10 07:00:00+00:00,58336
2026-06-10 08:00:00+00:00,56565
2026-06-10 09:00:00+00:00,55830
2026-06-10 10:00:00+00:00,55743
2026-06-10 11:00:00+00:00,56346
2026-06-10 12:00:00+00:00,57360
2026-06-10 13:00:00+00:00,58288
2026-06-10 14:00:00+00:00,60589
2026-06-10 15:00:00+00:00,63485
2026-06-10 16:00:00+00:00,66721
2026-06-10 17:00:00+00:00,70106
2026-06-10 18:00:00+00:00,73173
2026-06-10 19:00:00+00:00,76104
2026-06-10 20:00:00+00:00,77829
2026-06-10 21:00:00+00:00,77852
2026-06-10 22:00:00+00:00,78439
2026-06-10 23:00:00+00:00,78493
2026-06-11 00:00:00+00:00,78103
2026-06-11 01:00:00+00:00,77279
2026-06-11 02:00:00+00:00,75656
2026-06-11 03:00:00+00:00,73771
2026-06-11 04:00:00+00:00,70313
2026-06-11 05:00:00+00:00,66652
2026-06-11 06:00:00+00:00,63168
2026-06-11 07:00:00+00:00,60588
2026-06-11 08:00:00+00:00,58623
2026-06-11 09:00:00+00:00,57252
2026-06-11 10:00:00+00:00,56984
2026-06-11 11:00:00+00:00,57496
2026-06-11 12:00:00+00:00,58385
2026-06-11 13:00:00+00:00,59640
2026-06-11 14:00:00+00:00,62238
2026-06-11 15:00:00+00:00,65292
2026-06-11 16:00:00+00:00,68480
2026-06-11 17:00:00+00:00,71871
2026-06-11 18:00:00+00:00,74972
2026-06-11 19:00:00+00:00,77454
2026-06-11 20:00:00+00:00,78006
2026-06-11 21:00:00+00:00,78110
2026-06-11 22:00:00+00:00,78292
2026-06-11 23:00:00+00:00,78240
2026-06-12 00:00:00+00:00,77913
2026-06-12 01:00:00+00:00,77007
2026-06-12 02:00:00+00:00,75350
2026-06-12 03:00:00+00:00,73417
2026-06-12 04:00:00+00:00,69916
2026-06-12 05:00:00+00:00,66113
2026-06-12 06:00:00+00:00,62799
2026-06-12 07:00:00+00:00,60160
2026-06-12 08:00:00+00:00,58222
2026-06-12 09:00:00+00:00,57088
2026-06-12 10:00:00+00:00,56619
2026-06-12 11:00:00+00:00,56930
2026-06-12 12:00:00+00:00,57495
2026-06-12 13:00:00+00:00,58751
2026-06-12 14:00:00+00:00,61807
2026-06-12 15:00:00+00:00,65328
2026-06-12 16:00:00+00:00,68954
2026-06-12 17:00:00+00:00,71932
2026-06-12 18:00:00+00:00,74010
2026-06-12 19:00:00+00:00,75402
2026-06-12 20:00:00+00:00,76020
2026-06-12 21:00:00+00:00,76119
2026-06-12 22:00:00+00:00,76434
2026-06-12 23:00:00+00:00,76332
2026-06-13 00:00:00+00:00,75503
2026-06-13 01:00:00+00:00,73782
2026-06-13 02:00:00+00:00,71383
2026-06-13 03:00:00+00:00,69537
2026-06-13 04:00:00+00:00,66681
2026-06-13 05:00:00+00:00,63507
2026-06-13 06:00:00+00:00,60586
2026-06-13 07:00:00+00:00,57656
2026-06-13 08:00:00+00:00,55670
2026-06-13 09:00:00+00:00,54228
2026-06-13 10:00:00+00:00,53456
2026-06-13 11:00:00+00:00,53168
2026-06-13 12:00:00+00:00,53101
2026-06-13 13:00:00+00:00,54136
2026-06-13 14:00:00+00:00,57513
2026-06-13 15:00:00+00:00,61767
2026-06-13 16:00:00+00:00,65685
2026-06-13 17:00:00+00:00,69338
2026-06-13 18:00:00+00:00,72542
2026-06-13 19:00:00+00:00,74776
2026-06-13 20:00:00+00:00,76727
2026-06-13 21:00:00+00:00,77685
2026-06-13 22:00:00+00:00,77706
2026-06-13 23:00:00+00:00,77546
2026-06-14 00:00:00+00:00,76884
2026-06-14 01:00:00+00:00,75115
2026-06-14 02:00:00+00:00,72337
2026-06-14 03:00:00+00:00,70487
2026-06-14 04:00:00+00:00,67573
2026-06-14 05:00:00+00:00,64521
2026-06-14 06:00:00+00:00,61618
2026-06-14 07:00:00+00:00,59026
2026-06-14 08:00:00+00:00,56940
2026-06-14 09:00:00+00:00,55592
2026-06-14 10:00:00+00:00,54536
2026-06-14 11:00:00+00:00,54063
2026-06-14 12:00:00+00:00,53733
2026-06-14 13:00:00+00:00,54079
2026-06-14 14:00:00+00:00,56055
2026-06-14 15:00:00+00:00,58284
2026-06-14 16:00:00+00:00,60427
2026-06-14 17:00:00+00:00,63112
2026-06-14 18:00:00+00:00,65689
2026-06-14 19:00:00+00:00,68580
2026-06-14 20:00:00+00:00,71147
2026-06-14 21:00:00+00:00,72567
2026-06-14 22:00:00+00:00,72920
2026-06-14 23:00:00+00:00,72449
2026-06-15 00:00:00+00:00,71032
2026-06-15 01:00:00+00:00,69173
2026-06-15 02:00:00+00:00,67490
2026-06-15 03:00:00+00:00,66118
2026-06-15 04:00:00+00:00,63193
2026-06-15 05:00:00+00:00,59750
2026-06-15 06:00:00+00:00,56885
2026-06-15 07:00:00+00:00,54798
2026-06-15 08:00:00+00:00,53390
2026-06-15 09:00:00+00:00,52681
2026-06-15 10:00:00+00:00,52831
2026-06-15 11:00:00+00:00,53817
2026-06-15 12:00:00+00:00,54958
2026-06-15 13:00:00+00:00,55889
2026-06-15 14:00:00+00:00,56848
2026-06-15 15:00:00+00:00,57900
2026-06-15 16:00:00+00:00,59654
2026-06-15 17:00:00+00:00,61144
2026-06-15 18:00:00+00:00,62351
2026-06-15 19:00:00+00:00,63298
2026-06-15 20:00:00+00:00,64929
2026-06-15 21:00:00+00:00,66167
2026-06-15 22:00:00+00:00,67200
2026-06-15 23:00:00+00:00,67753
2026-06-16 00:00:00+00:00,67144
2026-06-16 01:00:00+00:00,66317
2026-06-16 02:00:00+00:00,65111
2026-06-16 03:00:00+00:00,63953
2026-06-16 04:00:00+00:00,61277
2026-06-16 05:00:00+00:00,58063
2026-06-16 06:00:00+00:00,55103
2026-06-16 07:00:00+00:00,53042
2026-06-16 08:00:00+00:00,51718
2026-06-16 09:00:00+00:00,50933
2026-06-16 10:00:00+00:00,50952
2026-06-16 11:00:00+00:00,52039
2026-06-16 12:00:00+00:00,53447
2026-06-16 13:00:00+00:00,54601
2026-06-16 14:00:00+00:00,56590
2026-06-16 15:00:00+00:00,58879
2026-06-16 16:00:00+00:00,61157
2026-06-16 17:00:00+00:00,63577
2026-06-16 18:00:00+00:00,65808
2026-06-16 19:00:00+00:00,68091
2026-06-16 20:00:00+00:00,70137
2026-06-16 21:00:00+00:00,71967
2026-06-16 22:00:00+00:00,73412
2026-06-16 23:00:00+00:00,73625
2026-06-17 00:00:00+00:00,73408
2026-06-17 01:00:00+00:00,72371
2026-06-17 02:00:00+00:00,69897
2026-06-17 03:00:00+00:00,68120
2026-06-17 04:00:00+00:00,64924
2026-06-17 05:00:00+00:00,61067
2026-06-17 06:00:00+00:00,57658
2026-06-17 07:00:00+00:00,55322
2026-06-17 08:00:00+00:00,53825
2026-06-17 09:00:00+00:00,52896
2026-06-17 10:00:00+00:00,52594
2026-06-17 11:00:00+00:00,53544
2026-06-17 12:00:00+00:00,54913
2026-06-17 13:00:00+00:00,56377
2026-06-17 14:00:00+00:00,58416
2026-06-17 15:00:00+00:00,60747
2026-06-17 16:00:00+00:00,63825
2026-06-17 17:00:00+00:00,67241
2026-06-17 18:00:00+00:00,70738
2026-06-17 19:00:00+00:00,74067
2026-06-17 20:00:00+00:00,76642
2026-06-17 21:00:00+00:00,77620
2026-06-17 22:00:00+00:00,78230
2026-06-17 23:00:00+00:00,78279
2026-06-18 00:00:00+00:00,77874
2026-06-18 01:00:00+00:00,76649
2026-06-18 02:00:00+00:00,74373
2026-06-18 03:00:00+00:00,72545
2026-06-18 04:00:00+00:00,68991
2026-06-18 05:00:00+00:00,65079
2026-06-18 06:00:00+00:00,61413
2026-06-18 07:00:00+00:00,58549
2026-06-18 08:00:00+00:00,56541
2026-06-18 09:00:00+00:00,55467
2026-06-18 10:00:00+00:00,55440
2026-06-18 11:00:00+00:00,56344
2026-06-18 12:00:00+00:00,57293
2026-06-18 13:00:00+00:00,58794
2026-06-18 14:00:00+00:00,61810
2026-06-18 15:00:00+00:00,65465
2026-06-18 16:00:00+00:00,69714
2026-06-18 17:00:00+00:00,74126
2026-06-18 18:00:00+00:00,77758
2026-06-18 19:00:00+00:00,79825
2026-06-18 20:00:00+00:00,81509
2026-06-18 21:00:00+00:00,82451
2026-06-18 22:00:00+00:00,82591
2026-06-18 23:00:00+00:00,82243
2026-06-19 00:00:00+00:00,82058
2026-06-19 01:00:00+00:00,81165
2026-06-19 02:00:00+00:00,79058
2026-06-19 03:00:00+00:00,76877
2026-06-19 04:00:00+00:00,73412
2026-06-19 05:00:00+00:00,69332
2026-06-19 06:00:00+00:00,65461
2026-06-19 07:00:00+00:00,62665
2026-06-19 08:00:00+00:00,60606
2026-06-19 09:00:00+00:00,59362
2026-06-19 10:00:00+00:00,58734
2026-06-19 11:00:00+00:00,59283
2026-06-19 12:00:00+00:00,59783
2026-06-19 13:00:00+00:00,59588
2026-06-19 14:00:00+00:00,60562
2026-06-19 15:00:00+00:00,62780
2026-06-19 16:00:00+00:00,64801
2026-06-19 17:00:00+00:00,66881
2026-06-19 18:00:00+00:00,68219
2026-06-19 19:00:00+00:00,69457
2026-06-19 20:00:00+00:00,70372
2026-06-19 21:00:00+00:00,70601
2026-06-19 22:00:00+00:00,71018
2026-06-19 23:00:00+00:00,70233
2026-06-20 00:00:00+00:00,69062
2026-06-20 01:00:00+00:00,67242
2026-06-20 02:00:00+00:00,65709
2026-06-20 03:00:00+00:00,64826
2026-06-20 04:00:00+00:00,62819
2026-06-20 05:00:00+00:00,60323
2026-06-20 06:00:00+00:00,57795
2026-06-20 07:00:00+00:00,55671
2026-06-20 08:00:00+00:00,53786
2026-06-20 09:00:00+00:00,52760
2026-06-20 10:00:00+00:00,51983
2026-06-20 11:00:00+00:00,51615
2026-06-20 12:00:00+00:00,51810
2026-06-20 13:00:00+00:00,52341
2026-06-20 14:00:00+00:00,54711
2026-06-20 15:00:00+00:00,57709
2026-06-20 16:00:00+00:00,61409
2026-06-20 17:00:00+00:00,64645
2026-06-20 18:00:00+00:00,66605
2026-06-20 19:00:00+00:00,68000
2026-06-20 20:00:00+00:00,69466
2026-06-20 21:00:00+00:00,70555
2026-06-20 22:00:00+00:00,70610
2026-06-20 23:00:00+00:00,70160
2026-06-21 00:00:00+00:00,69251
2026-06-21 01:00:00+00:00,68060
2026-06-21 02:00:00+00:00,66359
2026-06-21 03:00:00+00:00,65224
2026-06-21 04:00:00+00:00,62869
2026-06-21 05:00:00+00:00,60004
2026-06-21 06:00:00+00:00,57236
2026-06-21 07:00:00+00:00,54782
2026-06-21 08:00:00+00:00,53056
2026-06-21 09:00:00+00:00,51755
2026-06-21 10:00:00+00:00,51276
2026-06-21 11:00:00+00:00,51054
2026-06-21 12:00:00+00:00,50953
2026-06-21 13:00:00+00:00,51359
2026-06-21 14:00:00+00:00,54079
2026-06-21 15:00:00+00:00,56842
2026-06-21 16:00:00+00:00,59628
2026-06-21 17:00:00+00:00,62372
2026-06-21 18:00:00+00:00,65910
2026-06-21 19:00:00+00:00,69710
2026-06-21 20:00:00+00:00,72655
2026-06-21 21:00:00+00:00,74813
2026-06-21 22:00:00+00:00,76748
2026-06-21 23:00:00+00:00,77740
2026-06-22 00:00:00+00:00,77456
2026-06-22 01:00:00+00:00,75880
2026-06-22 02:00:00+00:00,73575
2026-06-22 03:00:00+00:00,72086
2026-06-22 04:00:00+00:00,69220
2026-06-22 05:00:00+00:00,65664
2026-06-22 06:00:00+00:00,62436
2026-06-22 07:00:00+00:00,60344
2026-06-22 08:00:00+00:00,58660
2026-06-22 09:00:00+00:00,57680
2026-06-22 10:00:00+00:00,57470
2026-06-22 11:00:00+00:00,58324
2026-06-22 12:00:00+00:00,59165
2026-06-22 13:00:00+00:00,58918
2026-06-22 14:00:00+00:00,61322
2026-06-22 15:00:00+00:00,64665
2026-06-22 16:00:00+00:00,68938
2026-06-22 17:00:00+00:00,73105
2026-06-22 18:00:00+00:00,76761
2026-06-22 19:00:00+00:00,79725
2026-06-22 20:00:00+00:00,81291
2026-06-22 21:00:00+00:00,81922
2026-06-22 22:00:00+00:00,82069
2026-06-22 23:00:00+00:00,81927
2026-06-23 00:00:00+00:00,81506
2026-06-23 01:00:00+00:00,79838
2026-06-23 02:00:00+00:00,77265
2026-06-23 03:00:00+00:00,74968
2026-06-23 04:00:00+00:00,71290
2026-06-23 05:00:00+00:00,67176
2026-06-23 06:00:00+00:00,63774
2026-06-23 07:00:00+00:00,61039
2026-06-23 08:00:00+00:00,59026
2026-06-23 09:00:00+00:00,57639
2026-06-23 10:00:00+00:00,57319
2026-06-23 11:00:00+00:00,57763
2026-06-23 12:00:00+00:00,58463
2026-06-23 13:00:00+00:00,59385
2026-06-23 14:00:00+00:00,62086
2026-06-23 15:00:00+00:00,65310
2026-06-23 16:00:00+00:00,68853
2026-06-23 17:00:00+00:00,72273
2026-06-23 18:00:00+00:00,75477
2026-06-23 19:00:00+00:00,78309
2026-06-23 20:00:00+00:00,80144
2026-06-23 21:00:00+00:00,81318
2026-06-23 22:00:00+00:00,81739
2026-06-23 23:00:00+00:00,81161
2026-06-24 00:00:00+00:00,79744
2026-06-24 01:00:00+00:00,77939
2026-06-24 02:00:00+00:00,76007
2026-06-24 03:00:00+00:00,73598
2026-06-24 04:00:00+00:00,69723
2026-06-24 05:00:00+00:00,65599
2026-06-24 06:00:00+00:00,62456
2026-06-24 07:00:00+00:00,59814
2026-06-24 08:00:00+00:00,57783
2026-06-24 09:00:00+00:00,56468
2026-06-24 10:00:00+00:00,56028
2026-06-24 11:00:00+00:00,56410
2026-06-24 12:00:00+00:00,57119
2026-06-24 13:00:00+00:00,58032
2026-06-24 14:00:00+00:00,60733
2026-06-24 15:00:00+00:00,64179
2026-06-24 16:00:00+00:00,67905
2026-06-24 17:00:00+00:00,71699
2026-06-24 18:00:00+00:00,75490
2026-06-24 19:00:00+00:00,78558
2026-06-24 20:00:00+00:00,80582
2026-06-24 21:00:00+00:00,81632
2026-06-24 22:00:00+00:00,82105
2026-06-24 23:00:00+00:00,81957
2026-06-25 00:00:00+00:00,81269
2026-06-25 01:00:00+00:00,79098
2026-06-25 02:00:00+00:00,76073
2026-06-25 03:00:00+00:00,73616
2026-06-25 04:00:00+00:00,69780
2026-06-25 05:00:00+00:00,65535
2026-06-25 06:00:00+00:00,61706
2026-06-25 07:00:00+00:00,58936
2026-06-25 08:00:00+00:00,56888
2026-06-25 09:00:00+00:00,55204
2026-06-25 10:00:00+00:00,54631
2026-06-25 11:00:00+00:00,55178
2026-06-25 12:00:00+00:00,55974
2026-06-25 13:00:00+00:00,57055
2026-06-25 14:00:00+00:00,59830
2026-06-25 15:00:00+00:00,63390
2026-06-25 16:00:00+00:00,66822
2026-06-25 17:00:00+00:00,70575
2026-06-25 18:00:00+00:00,73796
2026-06-25 19:00:00+00:00,76329
2026-06-25 20:00:00+00:00,78112
2026-06-25 21:00:00+00:00,79060
2026-06-25 22:00:00+00:00,80168
2026-06-25 23:00:00+00:00,80725
2026-06-26 00:00:00+00:00,79721
2026-06-26 01:00:00+00:00,77736
2026-06-26 02:00:00+00:00,75210
2026-06-26 03:00:00+00:00,73334
2026-06-26 04:00:00+00:00,69749
2026-06-26 05:00:00+00:00,65919
2026-06-26 06:00:00+00:00,62222
2026-06-26 07:00:00+00:00,59282
2026-06-26 08:00:00+00:00,56998
2026-06-26 09:00:00+00:00,55698
2026-06-26 10:00:00+00:00,55660
2026-06-26 11:00:00+00:00,56725
2026-06-26 12:00:00+00:00,57287
2026-06-26 13:00:00+00:00,58418
2026-06-26 14:00:00+00:00,61025
2026-06-26 15:00:00+00:00,64726
2026-06-26 16:00:00+00:00,68747
2026-06-26 17:00:00+00:00,72221
2026-06-26 18:00:00+00:00,75579
2026-06-26 19:00:00+00:00,78815
2026-06-26 20:00:00+00:00,80844
2026-06-26 21:00:00+00:00,81636
2026-06-26 22:00:00+00:00,82200
2026-06-26 23:00:00+00:00,82115
2026-06-27 00:00:00+00:00,81469
2026-06-27 01:00:00+00:00,79661
2026-06-27 02:00:00+00:00,76717
2026-06-27 03:00:00+00:00,74627
2026-06-27 04:00:00+00:00,71445
2026-06-27 05:00:00+00:00,68093
2026-06-27 06:00:00+00:00,64716
2026-06-27 07:00:00+00:00,61895
2026-06-27 08:00:00+00:00,59431
2026-06-27 09:00:00+00:00,57464
2026-06-27 10:00:00+00:00,55712
2026-06-27 11:00:00+00:00,55525
2026-06-27 12:00:00+00:00,55347
2026-06-27 13:00:00+00:00,56070
2026-06-27 14:00:00+00:00,59349
2026-06-27 15:00:00+00:00,63505
2026-06-27 16:00:00+00:00,67592
2026-06-27 17:00:00+00:00,71452
2026-06-27 18:00:00+00:00,74597
2026-06-27 19:00:00+00:00,77072
2026-06-27 20:00:00+00:00,79180
2026-06-27 21:00:00+00:00,80722
2026-06-27 22:00:00+00:00,81808
2026-06-27 23:00:00+00:00,82007
2026-06-28 00:00:00+00:00,81291
2026-06-28 01:00:00+00:00,79380
2026-06-28 02:00:00+00:00,76278
2026-06-28 03:00:00+00:00,74295
2026-06-28 04:00:00+00:00,71292
2026-06-28 05:00:00+00:00,67998
2026-06-28 06:00:00+00:00,64680
2026-06-28 07:00:00+00:00,62036
2026-06-28 08:00:00+00:00,59806
2026-06-28 09:00:00+00:00,58381
2026-06-28 10:00:00+00:00,57545
2026-06-28 11:00:00+00:00,57095
2026-06-28 12:00:00+00:00,56452
2026-06-28 13:00:00+00:00,56954
2026-06-28 14:00:00+00:00,59934
2026-06-28 15:00:00+00:00,63751
2026-06-28 16:00:00+00:00,67395
2026-06-28 17:00:00+00:00,71124
2026-06-28 18:00:00+00:00,74577
2026-06-28 19:00:00+00:00,77493
2026-06-28 20:00:00+00:00,79610
2026-06-28 21:00:00+00:00,80795
2026-06-28 22:00:00+00:00,81765
2026-06-28 23:00:00+00:00,81711
2026-06-29 00:00:00+00:00,81254
2026-06-29 01:00:00+00:00,79960
2026-06-29 02:00:00+00:00,77667
2026-06-29 03:00:00+00:00,75920
2026-06-29 04:00:00+00:00,72526
2026-06-29 05:00:00+00:00,68778
2026-06-29 06:00:00+00:00,65456
2026-06-29 07:00:00+00:00,62743
2026-06-29 08:00:00+00:00,60810
2026-06-29 09:00:00+00:00,59724
2026-06-29 10:00:00+00:00,59473
2026-06-29 11:00:00+00:00,60288
2026-06-29 12:00:00+00:00,60815
2026-06-29 13:00:00+00:00,61439
2026-06-29 14:00:00+00:00,63195
2026-06-29 15:00:00+00:00,66731
2026-06-29 16:00:00+00:00,71034
2026-06-29 17:00:00+00:00,74722
2026-06-29 18:00:00+00:00,78272
2026-06-29 19:00:00+00:00,81174
2026-06-29 20:00:00+00:00,82007
2026-06-29 21:00:00+00:00,81977
2026-06-29 22:00:00+00:00,81707
2026-06-29 23:00:00+00:00,82031
2026-06-30 00:00:00+00:00,82074
2026-06-30 01:00:00+00:00,80881
2026-06-30 02:00:00+00:00,78691
2026-06-30 03:00:00+00:00,76352
2026-06-30 04:00:00+00:00,72275
2026-06-30 05:00:00+00:00,68201
2026-06-30 06:00:00+00:00,64486
2026-06-30 07:00:00+00:00,61424
2026-06-30 08:00:00+00:00,59136
2026-06-30 09:00:00+00:00,57739
2026-06-30 10:00:00+00:00,57164
2026-06-30 11:00:00+00:00,57687
2026-06-30 12:00:00+00:00,58405
2026-06-30 13:00:00+00:00,59439
2026-06-30 14:00:00+00:00,62021
2026-06-30 15:00:00+00:00,65657
2026-06-30 16:00:00+00:00,69327
2026-06-30 17:00:00+00:00,72862
2026-06-30 18:00:00+00:00,76268
2026-06-30 19:00:00+00:00,79342
2026-06-30 20:00:00+00:00,81530
2026-06-30 21:00:00+00:00,81962
2026-06-30 22:00:00+00:00,82117
2026-06-30 23:00:00+00:00,81970
2026-07-01 00:00:00+00:00,81689
2026-07-01 01:00:00+00:00,80476
2026-07-01 02:00:00+00:00,77426
2026-07-01 03:00:00+00:00,74488
2026-07-01 04:00:00+00:00,70965
2026-07-01 05:00:00+00:00,67191
2026-07-01 06:00:00+00:00,63507
2026-07-01 07:00:00+00:00,60747
2026-07-01 08:00:00+00:00,58658
2026-07-01 09:00:00+00:00,57068
2026-07-01 10:00:00+00:00,56649
2026-07-01 11:00:00+00:00,57310
2026-07-01 12:00:00+00:00,57822
2026-07-01 13:00:00+00:00,58979
2026-07-01 14:00:00+00:00,61930
2026-07-01 15:00:00+00:00,65696
2026-07-01 16:00:00+00:00,69418
2026-07-01 17:00:00+00:00,73186
2026-07-01 18:00:00+00:00,76302
2026-07-01 19:00:00+00:00,79137
2026-07-01 20:00:00+00:00,80772
2026-07-01 21:00:00+00:00,80940
2026-07-01 22:00:00+00:00,81359
2026-07-01 23:00:00+00:00,81307
2026-07-02 00:00:00+00:00,80771
2026-07-02 01:00:00+00:00,79369
2026-07-02 02:00:00+00:00,76979
2026-07-02 03:00:00+00:00,74945
2026-07-02 04:00:00+00:00,70886
2026-07-02 05:00:00+00:00,66924
2026-07-02 06:00:00+00:00,63324
2026-07-02 07:00:00+00:00,60410
2026-07-02 08:00:00+00:00,58199
2026-07-02 09:00:00+00:00,56645
2026-07-02 10:00:00+00:00,56260
2026-07-02 11:00:00+00:00,56714
2026-07-02 12:00:00+00:00,57431
2026-07-02 13:00:00+00:00,58752
2026-07-02 14:00:00+00:00,61872
2026-07-02 15:00:00+00:00,65360
2026-07-02 16:00:00+00:00,69349
2026-07-02 17:00:00+00:00,73089
2026-07-02 18:00:00+00:00,76213
2026-07-02 19:00:00+00:00,78886
2026-07-02 20:00:00+00:00,80502
2026-07-02 21:00:00+00:00,81368
2026-07-02 22:00:00+00:00,81751
2026-07-02 23:00:00+00:00,81555
2026-07-03 00:00:00+00:00,80972
2026-07-03 01:00:00+00:00,79362
2026-07-03 02:00:00+00:00,76694
2026-07-03 03:00:00+00:00,74694
2026-07-03 04:00:00+00:00,71250
2026-07-03 05:00:00+00:00,67117
2026-07-03 06:00:00+00:00,63269
2026-07-03 07:00:00+00:00,60204
2026-07-03 08:00:00+00:00,57879
2026-07-03 09:00:00+00:00,56281
2026-07-03 10:00:00+00:00,55588
2026-07-03 11:00:00+00:00,55476
2026-07-03 12:00:00+00:00,55283
2026-07-03 13:00:00+00:00,56129
2026-07-03 14:00:00+00:00,59839
2026-07-03 15:00:00+00:00,64047
2026-07-03 16:00:00+00:00,68552
2026-07-03 17:00:00+00:00,72557
2026-07-03 18:00:00+00:00,76075
2026-07-03 19:00:00+00:00,78955
2026-07-03 20:00:00+00:00,80665
2026-07-03 21:00:00+00:00,81197
2026-07-03 22:00:00+00:00,81656
2026-07-03 23:00:00+00:00,81966
2026-07-04 00:00:00+00:00,81349
2026-07-04 01:00:00+00:00,79963
2026-07-04 02:00:00+00:00,77372
2026-07-04 03:00:00+00:00,75039
2026-07-04 04:00:00+00:00,71780
2026-07-04 05:00:00+00:00,68537
2026-07-04 06:00:00+00:00,65013
2026-07-04 07:00:00+00:00,62029
2026-07-04 08:00:00+00:00,59672
2026-07-04 09:00:00+00:00,57819
2026-07-04 10:00:00+00:00,56463
2026-07-04 11:00:00+00:00,55651
2026-07-04 12:00:00+00:00,54961
2026-07-04 13:00:00+00:00,55660
2026-07-04 14:00:00+00:00,59369
2026-07-04 15:00:00+00:00,63761
2026-07-04 16:00:00+00:00,68211
2026-07-04 17:00:00+00:00,72715
2026-07-04 18:00:00+00:00,76519
2026-07-04 19:00:00+00:00,79669
2026-07-04 20:00:00+00:00,81282
2026-07-04 21:00:00+00:00,81766
2026-07-04 22:00:00+00:00,82223
2026-07-04 23:00:00+00:00,81587
2026-07-05 00:00:00+00:00,81042
2026-07-05 01:00:00+00:00,78957
2026-07-05 02:00:00+00:00,75755
2026-07-05 03:00:00+00:00,72730
2026-07-05 04:00:00+00:00,70131
2026-07-05 05:00:00+00:00,67597
2026-07-05 06:00:00+00:00,64695
2026-07-05 07:00:00+00:00,61554
2026-07-05 08:00:00+00:00,58693
2026-07-05 09:00:00+00:00,56723
2026-07-05 10:00:00+00:00,55072
2026-07-05 11:00:00+00:00,54039
2026-07-05 12:00:00+00:00,53247
2026-07-05 13:00:00+00:00,53751
2026-07-05 14:00:00+00:00,56753
2026-07-05 15:00:00+00:00,61379
2026-07-05 16:00:00+00:00,66324
2026-07-05 17:00:00+00:00,71148
2026-07-05 18:00:00+00:00,75166
2026-07-05 19:00:00+00:00,78054
2026-07-05 20:00:00+00:00,79967
2026-07-05 21:00:00+00:00,80886
2026-07-05 22:00:00+00:00,81361
2026-07-05 23:00:00+00:00,81139
2026-07-06 00:00:00+00:00,80413
2026-07-06 01:00:00+00:00,77685
2026-07-06 02:00:00+00:00,74599
2026-07-06 03:00:00+00:00,72204
2026-07-06 04:00:00+00:00,68132
2026-07-06 05:00:00+00:00,64007
2026-07-06 06:00:00+00:00,60323
2026-07-06 07:00:00+00:00,57842
2026-07-06 08:00:00+00:00,55710
2026-07-06 09:00:00+00:00,54358
2026-07-06 10:00:00+00:00,54082
2026-07-06 11:00:00+00:00,54771
2026-07-06 12:00:00+00:00,55760
2026-07-06 13:00:00+00:00,57279
2026-07-06 14:00:00+00:00,60532
2026-07-06 15:00:00+00:00,64555
2026-07-06 16:00:00+00:00,69172
2026-07-06 17:00:00+00:00,73904
2026-07-06 18:00:00+00:00,78111
2026-07-06 19:00:00+00:00,81365
2026-07-06 20:00:00+00:00,82179
2026-07-06 21:00:00+00:00,82955
2026-07-06 22:00:00+00:00,83194
2026-07-06 23:00:00+00:00,82535
2026-07-07 00:00:00+00:00,81562
2026-07-07 01:00:00+00:00,79953
2026-07-07 02:00:00+00:00,76850
2026-07-07 03:00:00+00:00,74272
2026-07-07 04:00:00+00:00,70128
2026-07-07 05:00:00+00:00,65948
2026-07-07 06:00:00+00:00,62220
2026-07-07 07:00:00+00:00,59366
2026-07-07 08:00:00+00:00,57350
2026-07-07 09:00:00+00:00,56013
2026-07-07 10:00:00+00:00,55567
2026-07-07 11:00:00+00:00,56074
2026-07-07 12:00:00+00:00,56910
2026-07-07 13:00:00+00:00,57965
2026-07-07 14:00:00+00:00,61075
2026-07-07 15:00:00+00:00,65126
2026-07-07 16:00:00+00:00,69512
2026-07-07 17:00:00+00:00,73754
2026-07-07 18:00:00+00:00,77697
2026-07-07 19:00:00+00:00,81041
2026-07-07 20:00:00+00:00,82388
2026-07-07 21:00:00+00:00,82822
2026-07-07 22:00:00+00:00,82554
2026-07-07 23:00:00+00:00,81957
2026-07-08 00:00:00+00:00,81280
2026-07-08 01:00:00+00:00,79573
2026-07-08 02:00:00+00:00,76264
2026-07-08 03:00:00+00:00,73415
2026-07-08 04:00:00+00:00,69514
2026-07-08 05:00:00+00:00,65479
2026-07-08 06:00:00+00:00,62008
2026-07-08 07:00:00+00:00,59242
2026-07-08 08:00:00+00:00,57119
2026-07-08 09:00:00+00:00,55877
2026-07-08 10:00:00+00:00,55607
2026-07-08 11:00:00+00:00,56074
2026-07-08 12:00:00+00:00,56705
2026-07-08 13:00:00+00:00,57958
2026-07-08 14:00:00+00:00,61614
2026-07-08 15:00:00+00:00,65921
2026-07-08 16:00:00+00:00,70157
2026-07-08 17:00:00+00:00,74564
2026-07-08 18:00:00+00:00,78584
2026-07-08 19:00:00+00:00,81912
2026-07-08 20:00:00+00:00,82919
2026-07-08 21:00:00+00:00,82682
2026-07-08 22:00:00+00:00,82655
2026-07-08 23:00:00+00:00,82787
2026-07-09 00:00:00+00:00,82873
2026-07-09 01:00:00+00:00,81832
2026-07-09 02:00:00+00:00,79679
2026-07-09 03:00:00+00:00,77019
2026-07-09 04:00:00+00:00,73208
2026-07-09 05:00:00+00:00,69152
2026-07-09 06:00:00+00:00,65346
2026-07-09 07:00:00+00:00,62182
2026-07-09 08:00:00+00:00,59680
2026-07-09 09:00:00+00:00,58152
2026-07-09 10:00:00+00:00,57518
2026-07-09 11:00:00+00:00,57724
2026-07-09 12:00:00+00:00,58052
2026-07-09 13:00:00+00:00,59048
2026-07-09 14:00:00+00:00,62481
2026-07-09 15:00:00+00:00,66284
2026-07-09 16:00:00+00:00,70663
2026-07-09 17:00:00+00:00,74741
2026-07-09 18:00:00+00:00,78653
2026-07-09 19:00:00+00:00,81760
2026-07-09 20:00:00+00:00,82689
2026-07-09 21:00:00+00:00,82834
2026-07-09 22:00:00+00:00,82995
2026-07-09 23:00:00+00:00,82636
2026-07-10 00:00:00+00:00,82576
2026-07-10 01:00:00+00:00,81405
2026-07-10 02:00:00+00:00,78997
2026-07-10 03:00:00+00:00,76729
2026-07-10 04:00:00+00:00,72686
2026-07-10 05:00:00+00:00,68135
2026-07-10 06:00:00+00:00,64137
2026-07-10 07:00:00+00:00,61092
2026-07-10 08:00:00+00:00,58933
2026-07-10 09:00:00+00:00,57503
2026-07-10 10:00:00+00:00,56890
2026-07-10 11:00:00+00:00,56934
2026-07-10 12:00:00+00:00,57286
2026-07-10 13:00:00+00:00,58367
2026-07-10 14:00:00+00:00,61628
2026-07-10 15:00:00+00:00,65271
2026-07-10 16:00:00+00:00,69106
2026-07-10 17:00:00+00:00,72466
2026-07-10 18:00:00+00:00,75177
2026-07-10 19:00:00+00:00,78014
2026-07-10 20:00:00+00:00,80467
2026-07-10 21:00:00+00:00,81787
2026-07-10 22:00:00+00:00,82406
2026-07-10 23:00:00+00:00,82329
2026-07-11 00:00:00+00:00,80795
2026-07-11 01:00:00+00:00,78579
2026-07-11 02:00:00+00:00,75670
2026-07-11 03:00:00+00:00,73594
2026-07-11 04:00:00+00:00,70046
2026-07-11 05:00:00+00:00,66575
2026-07-11 06:00:00+00:00,63186
2026-07-11 07:00:00+00:00,60587
2026-07-11 08:00:00+00:00,58354
2026-07-11 09:00:00+00:00,56805
2026-07-11 10:00:00+00:00,55902
2026-07-11 11:00:00+00:00,55627
2026-07-11 12:00:00+00:00,55162
2026-07-11 13:00:00+00:00,55838
2026-07-11 14:00:00+00:00,59319
2026-07-11 15:00:00+00:00,63063
2026-07-11 16:00:00+00:00,66220
2026-07-11 17:00:00+00:00,69095
2026-07-11 18:00:00+00:00,71858
2026-07-11 19:00:00+00:00,73803
2026-07-11 20:00:00+00:00,74794
2026-07-11 21:00:00+00:00,75733
2026-07-11 22:00:00+00:00,76369
2026-07-11 23:00:00+00:00,76474
2026-07-12 00:00:00+00:00,75629
2026-07-12 01:00:00+00:00,73855
2026-07-12 02:00:00+00:00,71511
2026-07-12 03:00:00+00:00,69786
2026-07-12 04:00:00+00:00,66849
2026-07-12 05:00:00+00:00,63981
2026-07-12 06:00:00+00:00,60723
2026-07-12 07:00:00+00:00,58359
2026-07-12 08:00:00+00:00,56531
2026-07-12 09:00:00+00:00,55286
2026-07-12 10:00:00+00:00,54465
2026-07-12 11:00:00+00:00,54142
2026-07-12 12:00:00+00:00,53871
2026-07-12 13:00:00+00:00,54043
2026-07-12 14:00:00+00:00,56597
2026-07-12 15:00:00+00:00,60222
2026-07-12 16:00:00+00:00,64141
2026-07-12 17:00:00+00:00,68383
2026-07-12 18:00:00+00:00,72321
2026-07-12 19:00:00+00:00,75388
2026-07-12 20:00:00+00:00,77362
2026-07-12 21:00:00+00:00,78186
2026-07-12 22:00:00+00:00,78202
2026-07-12 23:00:00+00:00,77529
2026-07-13 00:00:00+00:00,75435
2026-07-13 01:00:00+00:00,72870
2026-07-13 02:00:00+00:00,70647
2026-07-13 03:00:00+00:00,69104
2026-07-13 04:00:00+00:00,66138
2026-07-13 05:00:00+00:00,62544
2026-07-13 06:00:00+00:00,59549
2026-07-13 07:00:00+00:00,57354
2026-07-13 08:00:00+00:00,55874
2026-07-13 09:00:00+00:00,54912
2026-07-13 10:00:00+00:00,54909
2026-07-13 11:00:00+00:00,55720
2026-07-13 12:00:00+00:00,56748
2026-07-13 13:00:00+00:00,57488
2026-07-13 14:00:00+00:00,59513
2026-07-13 15:00:00+00:00,62029
2026-07-13 16:00:00+00:00,64427
2026-07-13 17:00:00+00:00,66383
2026-07-13 18:00:00+00:00,68048
2026-07-13 19:00:00+00:00,69782
2026-07-13 20:00:00+00:00,71374
2026-07-13 21:00:00+00:00,72564
2026-07-13 22:00:00+00:00,73313
2026-07-13 23:00:00+00:00,73081
2026-07-14 00:00:00+00:00,71973
2026-07-14 01:00:00+00:00,69836
2026-07-14 02:00:00+00:00,68308
2026-07-14 03:00:00+00:00,66847
2026-07-14 04:00:00+00:00,64174
2026-07-14 05:00:00+00:00,60958
2026-07-14 06:00:00+00:00,57859
2026-07-14 07:00:00+00:00,55720
2026-07-14 08:00:00+00:00,54251
2026-07-14 09:00:00+00:00,53402
2026-07-14 10:00:00+00:00,53358
2026-07-14 11:00:00+00:00,54166
2026-07-14 12:00:00+00:00,55309
2026-07-14 13:00:00+00:00,56031
2026-07-14 14:00:00+00:00,57368
2026-07-14 15:00:00+00:00,58993
2026-07-14 16:00:00+00:00,61105
2026-07-14 17:00:00+00:00,63137
2026-07-14 18:00:00+00:00,65026
2026-07-14 19:00:00+00:00,66653
2026-07-14 20:00:00+00:00,68006
2026-07-14 21:00:00+00:00,68720
2026-07-14 22:00:00+00:00,69001
2026-07-14 23:00:00+00:00,68755
2026-07-15 00:00:00+00:00,67979
2026-07-15 01:00:00+00:00,66454
2026-07-15 02:00:00+00:00,65279
2026-07-15 03:00:00+00:00,64126
2026-07-15 04:00:00+00:00,61621
2026-07-15 05:00:00+00:00,58565
2026-07-15 06:00:00+00:00,55763
2026-07-15 07:00:00+00:00,53837
2026-07-15 08:00:00+00:00,52363
2026-07-15 09:00:00+00:00,51673
2026-07-15 10:00:00+00:00,51707
2026-07-15 11:00:00+00:00,52860
2026-07-15 12:00:00+00:00,53720
2026-07-15 13:00:00+00:00,54466
2026-07-15 14:00:00+00:00,56116
2026-07-15 15:00:00+00:00,58127
2026-07-15 16:00:00+00:00,60412
2026-07-15 17:00:00+00:00,62456
2026-07-15 18:00:00+00:00,63999
2026-07-15 19:00:00+00:00,65505
2026-07-15 20:00:00+00:00,65637
2026-07-15 21:00:00+00:00,64949
2026-07-15 22:00:00+00:00,65216
2026-07-15 23:00:00+00:00,65961
2026-07-16 00:00:00+00:00,66075
2026-07-16 01:00:00+00:00,65113
2026-07-16 02:00:00+00:00,64066
2026-07-16 03:00:00+00:00,63548
2026-07-16 04:00:00+00:00,61050
2026-07-16 05:00:00+00:00,58051
2026-07-16 06:00:00+00:00,55764
2026-07-16 07:00:00+00:00,54008
2026-07-16 08:00:00+00:00,52823
2026-07-16 09:00:00+00:00,52073
2026-07-16 10:00:00+00:00,52096
2026-07-16 11:00:00+00:00,52894
2026-07-16 12:00:00+00:00,54408
2026-07-16 13:00:00+00:00,55271
2026-07-16 14:00:00+00:00,57038
2026-07-16 15:00:00+00:00,59558
2026-07-16 16:00:00+00:00,62918
2026-07-16 17:00:00+00:00,66398
2026-07-16 18:00:00+00:00,69542
2026-07-16 19:00:00+00:00,72468
2026-07-16 20:00:00+00:00,74457
2026-07-16 21:00:00+00:00,74899
2026-07-16 22:00:00+00:00,74039
2026-07-16 23:00:00+00:00,73167
2026-07-17 00:00:00+00:00,71615
2026-07-17 01:00:00+00:00,69251
2026-07-17 02:00:00+00:00,67767
2026-07-17 03:00:00+00:00,66352
2026-07-17 04:00:00+00:00,63457
2026-07-17 05:00:00+00:00,60422
2026-07-17 06:00:00+00:00,57845
2026-07-17 07:00:00+00:00,55833
2026-07-17 08:00:00+00:00,54377
2026-07-17 09:00:00+00:00,53641
2026-07-17 10:00:00+00:00,53824
2026-07-17 11:00:00+00:00,54638
2026-07-17 12:00:00+00:00,55733
2026-07-17 13:00:00+00:00,56771
2026-07-17 14:00:00+00:00,58981
2026-07-17 15:00:00+00:00,62169
2026-07-17 16:00:00+00:00,65520
2026-07-17 17:00:00+00:00,69059
2026-07-17 18:00:00+00:00,72620
2026-07-17 19:00:00+00:00,75723
2026-07-17 20:00:00+00:00,78095
2026-07-17 21:00:00+00:00,79578
2026-07-17 22:00:00+00:00,80646
2026-07-17 23:00:00+00:00,80714
2026-07-18 00:00:00+00:00,79251
2026-07-18 01:00:00+00:00,76366
2026-07-18 02:00:00+00:00,73276
2026-07-18 03:00:00+00:00,71140
2026-07-18 04:00:00+00:00,67779
2026-07-18 05:00:00+00:00,64441
2026-07-18 06:00:00+00:00,61443
2026-07-18 07:00:00+00:00,58975
2026-07-18 08:00:00+00:00,57104
2026-07-18 09:00:00+00:00,55646
2026-07-18 10:00:00+00:00,54765
2026-07-18 11:00:00+00:00,54531
2026-07-18 12:00:00+00:00,54339
2026-07-18 13:00:00+00:00,54631
2026-07-18 14:00:00+00:00,57852
2026-07-18 15:00:00+00:00,62152
2026-07-18 16:00:00+00:00,66352
2026-07-18 17:00:00+00:00,70248
2026-07-18 18:00:00+00:00,73666
2026-07-18 19:00:00+00:00,76598
2026-07-18 20:00:00+00:00,79029
2026-07-18 21:00:00+00:00,80698
2026-07-18 22:00:00+00:00,81351
2026-07-18 23:00:00+00:00,81505
2026-07-19 00:00:00+00:00,80538
2026-07-19 01:00:00+00:00,77831
2026-07-19 02:00:00+00:00,74686
2026-07-19 03:00:00+00:00,72334
2026-07-19 04:00:00+00:00,69058
2026-07-19 05:00:00+00:00,65509
2026-07-19 06:00:00+00:00,62159
2026-07-19 07:00:00+00:00,59435
2026-07-19 08:00:00+00:00,57444
2026-07-19 09:00:00+00:00,55915
2026-07-19 10:00:00+00:00,54936
2026-07-19 11:00:00+00:00,54347
2026-07-19 12:00:00+00:00,53771
2026-07-19 13:00:00+00:00,53968
2026-07-19 14:00:00+00:00,56872
2026-07-19 15:00:00+00:00,60942
2026-07-19 16:00:00+00:00,65282
2026-07-19 17:00:00+00:00,69813
2026-07-19 18:00:00+00:00,73887
2026-07-19 19:00:00+00:00,77486
2026-07-19 20:00:00+00:00,80320
2026-07-19 21:00:00+00:00,81992
2026-07-19 22:00:00+00:00,82632
2026-07-19 23:00:00+00:00,82638
2026-07-20 00:00:00+00:00,81618
2026-07-20 01:00:00+00:00,79639
2026-07-20 02:00:00+00:00,76574
2026-07-20 03:00:00+00:00,74798
2026-07-20 04:00:00+00:00,71176
2026-07-20 05:00:00+00:00,66957
2026-07-20 06:00:00+00:00,63027
2026-07-20 07:00:00+00:00,59962
2026-07-20 08:00:00+00:00,58085
2026-07-20 09:00:00+00:00,56787
2026-07-20 10:00:00+00:00,56165
2026-07-20 11:00:00+00:00,56460
2026-07-20 12:00:00+00:00,57244
2026-07-20 13:00:00+00:00,58175
2026-07-20 14:00:00+00:00,60966
2026-07-20 15:00:00+00:00,64657
2026-07-20 16:00:00+00:00,68957
2026-07-20 17:00:00+00:00,73700
2026-07-20 18:00:00+00:00,78097
2026-07-20 19:00:00+00:00,81703
2026-07-20 20:00:00+00:00,83316
2026-07-20 21:00:00+00:00,84192
2026-07-20 22:00:00+00:00,85213
2026-07-20 23:00:00+00:00,85266
2026-07-21 00:00:00+00:00,84916
2026-07-21 01:00:00+00:00,83891
2026-07-21 02:00:00+00:00,80446
2026-07-21 03:00:00+00:00,77975
2026-07-21 04:00:00+00:00,74028
2026-07-21 05:00:00+00:00,69247
2026-07-21 06:00:00+00:00,65113
2026-07-21 07:00:00+00:00,61771
2026-07-21 08:00:00+00:00,59248
2026-07-21 09:00:00+00:00,57423
2026-07-21 10:00:00+00:00,56566
2026-07-21 11:00:00+00:00,56874
2026-07-21 12:00:00+00:00,57896
2026-07-21 13:00:00+00:00,58710
2026-07-21 14:00:00+00:00,61160
2026-07-21 15:00:00+00:00,64990
2026-07-21 16:00:00+00:00,69735
2026-07-21 17:00:00+00:00,74883
2026-07-21 18:00:00+00:00,79865
2026-07-21 19:00:00+00:00,84007
2026-07-21 20:00:00+00:00,85329
2026-07-21 21:00:00+00:00,86148
2026-07-21 22:00:00+00:00,87038
2026-07-21 23:00:00+00:00,87397
2026-07-22 00:00:00+00:00,86941
2026-07-22 01:00:00+00:00,84951
2026-07-22 02:00:00+00:00,81485
2026-07-22 03:00:00+00:00,78977
2026-07-22 04:00:00+00:00,74779
2026-07-22 05:00:00+00:00,70842
2026-07-22 06:00:00+00:00,67441
2026-07-22 07:00:00+00:00,64122
2026-07-22 08:00:00+00:00,61661
2026-07-22 09:00:00+00:00,59940
2026-07-22 10:00:00+00:00,59202
2026-07-22 11:00:00+00:00,59300
2026-07-22 12:00:00+00:00,60037
2026-07-22 13:00:00+00:00,60671
2026-07-22 14:00:00+00:00,64303
2026-07-22 15:00:00+00:00,69105
2026-07-22 16:00:00+00:00,74926
2026-07-22 17:00:00+00:00,80689
2026-07-22 18:00:00+00:00,85451
2026-07-22 19:00:00+00:00,87515
2026-07-22 20:00:00+00:00,89330
2026-07-22 21:00:00+00:00,90402
2026-07-22 22:00:00+00:00,90966
2026-07-22 23:00:00+00:00,91075
2026-07-23 00:00:00+00:00,90427
2026-07-23 01:00:00+00:00,88133
2026-07-23 02:00:00+00:00,84899
2026-07-23 03:00:00+00:00,81593
2026-07-23 04:00:00+00:00,77117
2026-07-23 05:00:00+00:00,73485
2026-07-23 06:00:00+00:00,70022
2026-07-23 07:00:00+00:00,66775
2026-07-23 08:00:00+00:00,64026
2026-07-23 09:00:00+00:00,62008
2026-07-23 10:00:00+00:00,60839
2026-07-23 11:00:00+00:00,60698
2026-07-23 12:00:00+00:00,60798
2026-07-23 13:00:00+00:00,61134
2026-07-23 14:00:00+00:00,64324
2026-07-23 15:00:00+00:00,67616
2026-07-23 16:00:00+00:00,71248
2026-07-23 17:00:00+00:00,74800
2026-07-23 18:00:00+00:00,77971
2026-07-23 19:00:00+00:00,81267
2026-07-23 20:00:00+00:00,83196
2026-07-23 21:00:00+00:00,84074
2026-07-23 22:00:00+00:00,84319
2026-07-23 23:00:00+00:00,83338
2026-07-24 00:00:00+00:00,81508
2026-07-24 01:00:00+00:00,79246
2026-07-24 02:00:00+00:00,77027
2026-07-24 03:00:00+00:00,75059
2026-07-24 04:00:00+00:00,71884
2026-07-24 05:00:00+00:00,68252
2026-07-24 06:00:00+00:00,64900
2026-07-24 07:00:00+00:00,62230
2026-07-24 08:00:00+00:00,60230
2026-07-24 09:00:00+00:00,58722
2026-07-24 10:00:00+00:00,58285
2026-07-24 11:00:00+00:00,58784
2026-07-24 12:00:00+00:00,59424
2026-07-24 13:00:00+00:00,60339
2026-07-24 14:00:00+00:00,62831
2026-07-24 15:00:00+00:00,65664
2026-07-24 16:00:00+00:00,68780
2026-07-24 17:00:00+00:00,72420
2026-07-24 18:00:00+00:00,75537
2026-07-24 19:00:00+00:00,78618
2026-07-24 20:00:00+00:00,81128
2026-07-24 21:00:00+00:00,83113
2026-07-24 22:00:00+00:00,84052
2026-07-24 23:00:00+00:00,84099
2026-07-25 00:00:00+00:00,82887
2026-07-25 01:00:00+00:00,80569
2026-07-25 02:00:00+00:00,77640
2026-07-25 03:00:00+00:00,75336
2026-07-25 04:00:00+00:00,72013
2026-07-25 05:00:00+00:00,68460
2026-07-25 06:00:00+00:00,65100
2026-07-25 07:00:00+00:00,62248
2026-07-25 08:00:00+00:00,60079
2026-07-25 09:00:00+00:00,58481
2026-07-25 10:00:00+00:00,57420
2026-07-25 11:00:00+00:00,56888
2026-07-25 12:00:00+00:00,56452
2026-07-25 13:00:00+00:00,56601
2026-07-25 14:00:00+00:00,59546
2026-07-25 15:00:00+00:00,63567
2026-07-25 16:00:00+00:00,67471
2026-07-25 17:00:00+00:00,71524
2026-07-25 18:00:00+00:00,74959
2026-07-25 19:00:00+00:00,78173
2026-07-25 20:00:00+00:00,80960
2026-07-25 21:00:00+00:00,83191
2026-07-25 22:00:00+00:00,84389
2026-07-25 23:00:00+00:00,84596
2026-07-26 00:00:00+00:00,83433
2026-07-26 01:00:00+00:00,80843
2026-07-26 02:00:00+00:00,77591
2026-07-26 03:00:00+00:00,75033
2026-07-26 04:00:00+00:00,71495
2026-07-26 05:00:00+00:00,67639
2026-07-26 06:00:00+00:00,64160
2026-07-26 07:00:00+00:00,61167
2026-07-26 08:00:00+00:00,58788
2026-07-26 09:00:00+00:00,57010
2026-07-26 10:00:00+00:00,55888
2026-07-26 11:00:00+00:00,55062
2026-07-26 12:00:00+00:00,54376
2026-07-26 13:00:00+00:00,54651
2026-07-26 14:00:00+00:00,58192
2026-07-26 15:00:00+00:00,62515
2026-07-26 16:00:00+00:00,66896
2026-07-26 17:00:00+00:00,71464
2026-07-26 18:00:00+00:00,75564
2026-07-26 19:00:00+00:00,79169
2026-07-26 20:00:00+00:00,82041
2026-07-26 21:00:00+00:00,84046
2026-07-26 22:00:00+00:00,85536
2026-07-26 23:00:00+00:00,86238
2026-07-27 00:00:00+00:00,85434
2026-07-27 01:00:00+00:00,82930
2026-07-27 02:00:00+00:00,79607
2026-07-27 03:00:00+00:00,77043
2026-07-27 04:00:00+00:00,72999
2026-07-27 05:00:00+00:00,68720
2026-07-27 06:00:00+00:00,64825
2026-07-27 07:00:00+00:00,61714
2026-07-27 08:00:00+00:00,59340
2026-07-27 09:00:00+00:00,57860
2026-07-27 10:00:00+00:00,57505
2026-07-27 11:00:00+00:00,58078
2026-07-27 12:00:00+00:00,58648
2026-07-27 13:00:00+00:00,59567
2026-07-27 14:00:00+00:00,62590
2026-07-27 15:00:00+00:00,66572
2026-07-27 16:00:00+00:00,70918
2026-07-27 17:00:00+00:00,75451
2026-07-27 18:00:00+00:00,79556
2026-07-27 19:00:00+00:00,83463
2026-07-27 20:00:00+00:00,86364
2026-07-27 21:00:00+00:00,88472
2026-07-27 22:00:00+00:00,89363
2026-07-27 23:00:00+00:00,89619
2026-07-28 00:00:00+00:00,88525
2026-07-28 01:00:00+00:00,85954
2026-07-28 02:00:00+00:00,82132
2026-07-28 03:00:00+00:00,79237
2026-07-28 04:00:00+00:00,74698
2026-07-28 05:00:00+00:00,70166
2026-07-28 06:00:00+00:00,66101
2026-07-28 07:00:00+00:00,62931
2026-07-28 08:00:00+00:00,60428
2026-07-28 09:00:00+00:00,58813
2026-07-28 10:00:00+00:00,58216
2026-07-28 11:00:00+00:00,58559
2026-07-28 12:00:00+00:00,59296
2026-07-28 13:00:00+00:00,59777
2026-07-28 14:00:00+00:00,62665
2026-07-28 15:00:00+00:00,66476
2026-07-28 16:00:00+00:00,70754
2026-07-28 17:00:00+00:00,75255
2026-07-28 18:00:00+00:00,79792
2026-07-28 19:00:00+00:00,83811
2026-07-28 20:00:00+00:00,86676
2026-07-28 21:00:00+00:00,88640
2026-07-28 22:00:00+00:00,89634
2026-07-28 23:00:00+00:00,89354
2026-07-29 00:00:00+00:00,88075
2026-07-29 01:00:00+00:00,85422
2026-07-29 02:00:00+00:00,82352
2026-07-29 03:00:00+00:00,79612
2026-07-29 04:00:00+00:00,75275
2026-07-29 05:00:00+00:00,70660
2026-07-29 06:00:00+00:00,66800
2026-07-29 07:00:00+00:00,63570
2026-07-29 08:00:00+00:00,61201
2026-07-29 09:00:00+00:00,59645
2026-07-29 10:00:00+00:00,59126
2026-07-29 11:00:00+00:00,59512
2026-07-29 12:00:00+00:00,60185
2026-07-29 13:00:00+00:00,60762
2026-07-29 14:00:00+00:00,63553
2026-07-29 15:00:00+00:00,67277
2026-07-29 16:00:00+00:00,71797
2026-07-29 17:00:00+00:00,76151
2026-07-29 18:00:00+00:00,80275
2026-07-29 19:00:00+00:00,84020
2026-07-29 20:00:00+00:00,86542
2026-07-29 21:00:00+00:00,87962
2026-07-29 22:00:00+00:00,88877
2026-07-29 23:00:00+00:00,88837
2026-07-30 00:00:00+00:00,87537
2026-07-30 01:00:00+00:00,85039
2026-07-30 02:00:00+00:00,81979
2026-07-30 03:00:00+00:00,79389
2026-07-30 04:00:00+00:00,75167
2026-07-30 05:00:00+00:00,70969
2026-07-30 06:00:00+00:00,66901
2026-07-30 07:00:00+00:00,63879
2026-07-30 08:00:00+00:00,61587
2026-07-30 09:00:00+00:00,60221
2026-07-30 10:00:00+00:00,59566
2026-07-30 11:00:00+00:00,59760
2026-07-30 12:00:00+00:00,60483
2026-07-30 13:00:00+00:00,61010
2026-07-30 14:00:00+00:00,63536
2026-07-30 15:00:00+00:00,67292
2026-07-30 16:00:00+00:00,71966
2026-07-30 17:00:00+00:00,76638
2026-07-30 18:00:00+00:00,81121
2026-07-30 19:00:00+00:00,84868
2026-07-30 20:00:00+00:00,87760
2026-07-30 21:00:00+00:00,89568
2026-07-30 22:00:00+00:00,90106
2026-07-30 23:00:00+00:00,89998
2026-07-31 00:00:00+00:00,88762
2026-07-31 01:00:00+00:00,86140
2026-07-31 02:00:00+00:00,82857
2026-07-31 03:00:00+00:00,80079
2026-07-31 04:00:00+00:00,76054
2026-07-31 05:00:00+00:00,72096
2026-07-31 06:00:00+00:00,68114
2026-07-31 07:00:00+00:00,65011
2026-07-31 08:00:00+00:00,62445
2026-07-31 09:00:00+00:00,60847
2026-07-31 10:00:00+00:00,59879
2026-07-31 11:00:00+00:00,59908
2026-07-31 12:00:00+00:00,60319
2026-07-31 13:00:00+00:00,60727
2026-07-31 14:00:00+00:00,63495
2026-07-31 15:00:00+00:00,67867
2026-07-31 16:00:00+00:00,72133
2026-07-31 17:00:00+00:00,76580
2026-07-31 18:00:00+00:00,80978
2026-07-31 19:00:00+00:00,84639
2026-07-31 20:00:00+00:00,87699
2026-07-31 21:00:00+00:00,89576
2026-07-31 22:00:00+00:00,89790
2026-07-31 23:00:00+00:00,89512
2026-08-01 00:00:00+00:00,88432
2026-08-01 01:00:00+00:00,85812
2026-08-01 02:00:00+00:00,82343
2026-08-01 03:00:00+00:00,79546
2026-08-01 04:00:00+00:00,75555
2026-08-01 05:00:00+00:00,71603
2026-08-01 06:00:00+00:00,68120
2026-08-01 07:00:00+00:00,65021
2026-08-01 08:00:00+00:00,62310
2026-08-01 09:00:00+00:00,60431
2026-08-01 10:00:00+00:00,59363
2026-08-01 11:00:00+00:00,58760
2026-08-01 12:00:00+00:00,58487
2026-08-01 13:00:00+00:00,58426
2026-08-01 14:00:00+00:00,61032
2026-08-01 15:00:00+00:00,64893
2026-08-01 16:00:00+00:00,68729
2026-08-01 17:00:00+00:00,72840
2026-08-01 18:00:00+00:00,76249
2026-08-01 19:00:00+00:00,78905
2026-08-01 20:00:00+00:00,80936
2026-08-01 21:00:00+00:00,82461
2026-08-01 22:00:00+00:00,82665
2026-08-01 23:00:00+00:00,82081
2026-08-02 00:00:00+00:00,80672
2026-08-02 01:00:00+00:00,78258
2026-08-02 02:00:00+00:00,75798
2026-08-02 03:00:00+00:00,73507
2026-08-02 04:00:00+00:00,70255
2026-08-02 05:00:00+00:00,66762
2026-08-02 06:00:00+00:00,63593
2026-08-02 07:00:00+00:00,60632
2026-08-02 08:00:00+00:00,58366
2026-08-02 09:00:00+00:00,56607
2026-08-02 10:00:00+00:00,55364
2026-08-02 11:00:00+00:00,54447
2026-08-02 12:00:00+00:00,54065
2026-08-02 13:00:00+00:00,53900
2026-08-02 14:00:00+00:00,57090
2026-08-02 15:00:00+00:00,60990
2026-08-02 16:00:00+00:00,65236
2026-08-02 17:00:00+00:00,69836
2026-08-02 18:00:00+00:00,73997
2026-08-02 19:00:00+00:00,77620
2026-08-02 20:00:00+00:00,80481
2026-08-02 21:00:00+00:00,82175
2026-08-02 22:00:00+00:00,83597
2026-08-02 23:00:00+00:00,84287
2026-08-03 00:00:00+00:00,82996
2026-08-03 01:00:00+00:00,80784
2026-08-03 02:00:00+00:00,77913
2026-08-03 03:00:00+00:00,74752
2026-08-03 04:00:00+00:00,70477
2026-08-03 05:00:00+00:00,66253
2026-08-03 06:00:00+00:00,62505
2026-08-03 07:00:00+00:00,59419
2026-08-03 08:00:00+00:00,57088
2026-08-03 09:00:00+00:00,55592
2026-08-03 10:00:00+00:00,54956
2026-08-03 11:00:00+00:00,55525
2026-08-03 12:00:00+00:00,56382
2026-08-03 13:00:00+00:00,57017
2026-08-03 14:00:00+00:00,60329
2026-08-03 15:00:00+00:00,64795
2026-08-03 16:00:00+00:00,69856
2026-08-03 17:00:00+00:00,75142
2026-08-03 18:00:00+00:00,79840
2026-08-03 19:00:00+00:00,83250
2026-08-03 20:00:00+00:00,85625
2026-08-03 21:00:00+00:00,86366
2026-08-03 22:00:00+00:00,86875
2026-08-03 23:00:00+00:00,86741
